x,y,floor,AP1,AP2,AP3,AP4,AP5,AP6,AP7,AP8
0,0,1,-35.8,-54.4,-61.0,-59.6,-77.5,-66.3,-72.1,-73.8
0,0,1,-34.9,,-59.5,-59.5,-75.1,-67.1,-71.8,-76.5
0,0,1,-41.2,-55.3,-59.3,-59.0,-77.2,-67.2,-72.1,-73.3
0,0,1,-36.8,-55.6,-61.3,-51.2,-75.4,-63.4,-70.4,-74.3
0,0,1,-33.4,,-61.4,-54.7,-75.7,-67.9,-71.4,-75.3
0,0,1,-37.1,-54.7,-62.0,-55.4,-76.5,-66.2,-72.9,-76.3
0,0,1,-32.8,-54.1,-57.2,-56.1,-77.4,-63.4,-78.7,-72.5
0,0,1,-36.8,-54.0,-61.7,-53.3,-76.8,-69.3,,-74.1
0,0,1,-32.5,-56.9,-56.9,-60.0,-73.7,-65.0,-76.3,-73.6
0,0,1,-36.8,-53.3,-60.1,-54.5,-79.5,-65.5,-75.1,-71.6
0,0,1,-32.7,-52.7,-60.2,-57.0,-76.8,-65.4,-77.3,-73.4
0,0,1,-33.5,-52.7,-61.1,-59.6,-78.7,-65.4,-72.6,-71.8
2,0,1,-35.5,-46.6,-60.3,-56.2,-71.3,-67.5,-74.2,-72.5
2,0,1,-40.1,-47.1,-61.8,-55.3,-79.5,-67.7,-69.8,-73.2
2,0,1,-32.7,-50.5,-56.5,-51.3,-78.9,-68.4,-71.4,-73.7
2,0,1,-38.0,-50.1,-58.6,-52.6,-77.1,-68.2,-70.5,-71.6
2,0,1,-34.1,-50.9,-56.3,-59.1,-74.5,-69.5,-72.8,-72.9
2,0,1,-38.2,-56.0,-57.4,-54.3,-76.5,-68.0,-77.4,-72.3
2,0,1,,-50.7,-60.7,-57.3,-76.5,-66.4,-70.4,-74.2
2,0,1,-34.8,-50.6,-58.3,-60.2,-76.2,-65.5,-75.2,-71.0
2,0,1,-31.5,-56.1,-56.0,-55.4,-74.8,-70.7,-72.4,-73.7
2,0,1,-34.8,-47.5,,-57.5,-78.3,-62.7,-74.1,-74.4
2,0,1,-34.5,-51.9,-57.9,-56.4,-76.5,-68.4,-74.8,-70.7
2,0,1,-30.4,-51.5,-59.7,-59.3,-77.2,-68.2,-73.0,-74.5
4,0,1,-45.0,-47.2,-55.2,-57.2,,-64.6,-74.5,-69.8
4,0,1,-44.9,-47.7,-57.9,-57.3,-76.7,-68.8,-72.6,
4,0,1,-43.4,-45.8,-61.0,-54.4,-77.0,,-71.9,-74.8
4,0,1,-41.0,-43.3,-58.3,-51.7,-78.6,-73.0,-69.5,-72.9
4,0,1,-42.2,-50.7,-60.0,-55.7,-75.1,-69.9,-70.3,-70.1
4,0,1,-44.7,-48.6,-58.5,-56.8,-76.6,-66.5,-74.8,-72.7
4,0,1,-43.7,-48.1,-55.0,-60.3,-78.2,-68.1,-72.4,-70.8
4,0,1,-44.6,-47.5,-58.7,-56.4,-72.2,-66.7,-69.8,-70.3
4,0,1,-43.3,-50.4,,-55.1,-73.3,-67.3,-74.0,-74.0
4,0,1,-42.2,-48.1,-59.7,-56.6,-73.8,-64.7,-69.5,
4,0,1,-44.8,-45.2,-58.5,-56.8,-72.3,-65.0,-67.3,-66.6
4,0,1,-45.4,-47.4,-55.9,-59.3,-78.0,-70.4,-72.5,-76.7
6,0,1,-50.7,-44.1,-57.4,-52.0,-73.2,-69.6,-71.7,-68.6
6,0,1,-47.3,-39.7,,-58.0,-71.4,-66.7,-72.5,-72.0
6,0,1,-47.0,-42.6,-59.1,-57.5,-74.5,-70.5,-71.3,-67.9
6,0,1,-51.9,-44.3,-60.4,-56.0,-74.6,-67.5,-71.2,-68.7
6,0,1,-45.5,-43.9,-55.2,-58.2,-76.7,-68.0,-69.0,-69.9
6,0,1,-45.5,-42.1,-58.6,-57.0,-74.1,-71.5,-73.7,-69.3
6,0,1,-46.4,-43.6,-57.2,-61.6,-75.1,-69.6,-68.9,-69.0
6,0,1,-47.9,-40.1,-58.8,-60.9,-77.1,-72.8,-74.2,-72.9
6,0,1,-47.3,-41.9,-57.2,-55.2,-72.0,-69.4,-69.0,-68.4
6,0,1,-43.5,-40.4,-48.6,-58.9,-70.8,-67.6,-70.1,-69.7
6,0,1,-49.2,-43.4,-59.0,-60.1,-75.7,-63.3,-73.1,-68.5
6,0,1,-50.5,-42.0,-59.1,-56.9,-74.3,-71.6,-76.1,-70.5
8,0,1,-47.3,-31.4,-53.8,-54.6,-68.7,-70.1,-69.7,-68.8
8,0,1,-52.2,-31.3,-57.3,-57.6,-70.3,-72.9,-75.4,-63.9
8,0,1,-51.9,-33.6,-56.5,-56.8,-76.1,-70.8,-69.7,-63.4
8,0,1,-51.4,-36.1,-54.5,-58.9,-71.0,-70.2,-74.7,-68.9
8,0,1,-53.9,-35.9,-56.0,-57.9,-75.3,-67.0,-68.4,-70.0
8,0,1,-52.3,-39.1,-52.5,-55.6,-73.6,-72.2,-69.3,-68.2
8,0,1,-47.8,-34.3,-53.6,-54.7,-73.1,-69.1,-70.7,-61.7
8,0,1,,-33.8,-52.6,-58.8,-75.2,-67.5,-71.0,-62.3
8,0,1,-53.1,-35.3,-53.5,-57.0,-73.9,-67.1,-68.1,-65.6
8,0,1,-52.4,-31.6,-57.3,-59.2,-75.8,-73.4,-72.1,-68.0
8,0,1,-51.6,-36.4,-54.8,-55.8,-78.3,-70.8,-69.9,-68.8
8,0,1,-52.1,-34.5,-51.0,-57.8,-69.6,-70.7,-68.3,-66.3
10,0,1,-55.4,-38.0,,-56.6,-77.2,-73.1,-68.8,-67.6
10,0,1,-50.6,-31.4,-49.7,-55.0,-74.4,-74.5,-71.1,-64.5
10,0,1,-56.3,,-55.1,-55.9,-69.9,-69.4,-72.4,-61.6
10,0,1,-52.6,-37.4,-53.9,-57.9,-70.7,-69.3,-70.6,-61.8
10,0,1,,-31.7,-52.8,-56.7,,-71.7,-70.8,-61.3
10,0,1,-54.1,-38.1,-53.0,-60.2,-72.0,-71.5,-73.4,-63.6
10,0,1,-56.2,-35.2,-52.8,-58.1,-71.0,-70.6,-74.2,-56.9
10,0,1,-54.8,-36.1,-55.7,-60.7,-74.2,-70.8,-71.8,-62.8
10,0,1,-54.9,-34.6,-53.0,-58.5,-71.6,-73.9,-71.5,-62.3
10,0,1,-54.0,-39.9,-55.1,-58.9,-73.5,-72.6,-73.5,-60.5
10,0,1,-50.7,-40.4,-53.8,-58.0,-72.8,-69.9,-71.1,-63.1
10,0,1,-55.0,,-53.5,-59.2,-75.1,-68.7,-70.4,-62.9
12,0,1,-56.8,-45.1,-53.2,-57.9,-73.5,-71.9,-71.6,-59.1
12,0,1,-54.1,-43.4,,-56.6,-70.9,-70.7,-69.3,-62.0
12,0,1,-55.6,-43.4,-54.1,-59.8,-71.6,-72.4,-74.4,-61.3
12,0,1,-55.1,-44.9,-53.0,-57.4,-70.6,-70.4,-69.6,-59.6
12,0,1,-55.4,-45.0,-54.5,-60.7,-71.5,-75.2,-76.1,-56.9
12,0,1,-59.1,-46.6,-49.4,-57.5,-69.4,-71.7,-67.4,-57.0
12,0,1,-54.1,-45.9,-55.2,-59.8,-70.7,-75.6,-70.9,-57.9
12,0,1,-57.9,-40.6,-51.5,-56.2,-70.7,-70.9,-72.9,-56.0
12,0,1,-55.1,-43.1,-52.1,-61.7,-73.3,-70.1,-68.0,-59.2
12,0,1,-54.2,-44.2,-50.3,-61.5,-73.0,-75.1,-72.7,-56.9
12,0,1,-53.6,-44.3,-47.8,-56.5,-69.6,-76.6,-71.2,-59.7
12,0,1,-54.1,-46.8,-53.6,-57.6,-73.6,-72.0,-73.2,-58.9
14,0,1,-56.6,-50.1,-51.4,-59.0,-67.3,-74.7,-71.9,-47.3
14,0,1,-54.2,-45.7,-49.5,-61.2,-76.2,-71.9,-72.2,-50.0
14,0,1,-57.0,,-45.8,-61.2,-70.1,-72.5,-69.7,
14,0,1,-56.2,-47.5,-50.0,-62.1,-71.5,-73.2,-72.9,-50.2
14,0,1,-55.0,-48.0,-52.4,-58.1,-71.8,-74.7,-74.5,-50.9
14,0,1,-59.6,-46.7,-49.6,-59.0,-71.6,-77.0,-72.2,-49.9
14,0,1,-55.9,-44.9,-52.3,-62.4,-73.1,-73.4,-66.9,-49.1
14,0,1,-59.3,-48.7,-52.0,-56.4,-69.8,-72.4,-70.2,-51.8
14,0,1,-62.6,-48.2,-49.7,-60.3,-73.2,-74.4,-72.9,-47.7
14,0,1,-58.0,-47.8,-47.8,-59.4,-68.5,-72.5,-74.2,-55.4
14,0,1,-57.5,-48.8,-51.1,-57.8,-73.6,-78.7,-74.3,-51.7
14,0,1,-57.6,-47.2,-51.8,-57.6,-78.3,-71.5,-73.0,-50.4
16,0,1,-57.2,-53.0,-47.2,-61.9,-75.5,-76.2,-69.8,-51.8
16,0,1,-58.0,-50.5,-45.5,-59.9,-73.9,-76.0,-69.1,-50.5
16,0,1,-58.7,-52.3,-51.4,-59.3,-70.4,-78.1,-77.1,-48.5
16,0,1,-58.3,-50.5,-51.2,-56.0,-71.0,-71.9,-73.5,-47.9
16,0,1,-57.9,-52.0,-51.6,-62.9,-70.3,-74.9,-74.8,-53.5
16,0,1,-62.2,-51.5,-52.2,-59.9,-70.3,-74.7,-71.8,-47.6
16,0,1,-59.5,-55.9,-50.2,-58.3,-71.2,-73.4,-74.9,-48.4
16,0,1,-58.0,-49.9,-48.1,-62.9,-71.2,-74.6,-71.2,-50.8
16,0,1,-63.6,-51.4,-52.4,-61.3,-71.5,-78.7,-74.0,-51.1
16,0,1,-62.8,-51.6,-48.7,-61.3,-70.4,-77.0,-71.8,-48.0
16,0,1,-57.8,-50.0,-50.4,-62.0,-67.5,-69.3,-74.8,-46.9
16,0,1,-60.3,-47.7,-45.4,-60.7,-71.2,-75.5,-71.9,-54.2
18,0,1,-61.5,-54.7,-47.6,,,-76.4,-71.6,-55.8
18,0,1,-56.4,-56.1,-47.3,-60.1,-72.9,-76.4,-74.6,-56.8
18,0,1,-62.4,-56.7,-48.2,-58.4,-71.5,-74.3,-74.3,-56.6
18,0,1,-60.5,-52.9,-44.2,-61.7,-71.4,-74.3,-75.1,-57.9
18,0,1,-65.3,-55.2,-50.5,-63.1,-74.1,-76.7,-73.7,
18,0,1,-65.1,-55.6,-46.5,-62.9,-72.4,-73.2,-75.9,-59.7
18,0,1,-59.2,-54.7,-41.7,-64.8,-65.8,-78.3,-70.7,-58.3
18,0,1,-61.7,-47.6,-44.3,-62.8,-70.0,-75.2,-72.1,-55.2
18,0,1,-60.3,-55.4,-47.0,-63.5,-70.5,-75.0,-73.6,-56.9
18,0,1,,-50.7,-48.5,-61.9,-73.1,-74.6,-73.9,-57.5
18,0,1,-61.5,-55.0,-48.3,-64.2,-73.7,-75.6,-73.5,-54.8
18,0,1,-63.6,-52.9,-45.7,-60.2,-69.8,-74.5,-72.7,-55.7
0,4,1,-42.6,-56.7,-58.0,-51.4,-79.3,-56.0,-69.4,-73.7
0,4,1,-42.7,,-63.5,-50.2,-77.5,-60.3,-68.0,-77.7
0,4,1,-44.9,-56.8,-59.1,-49.8,,-58.3,-72.6,-76.7
0,4,1,-43.5,-52.4,-60.5,-53.3,,-63.0,-70.8,-73.9
0,4,1,-40.1,-53.4,-59.4,-48.0,-77.1,-54.6,-74.0,-76.1
0,4,1,-41.5,-51.9,-55.3,-50.3,-77.7,-60.2,-68.2,-75.4
0,4,1,-44.6,-53.8,-64.5,-51.6,-74.4,-63.1,-72.4,-74.7
0,4,1,-46.5,-58.4,-60.5,-53.7,-79.7,-61.2,-71.8,-77.0
0,4,1,,-49.7,-59.2,-52.5,-75.9,-55.5,-74.9,-75.5
0,4,1,-44.6,-53.1,-55.3,-48.7,-74.3,-59.6,-71.1,-73.0
0,4,1,-45.5,-55.6,-63.4,-49.4,-76.8,-60.1,-72.9,-76.2
0,4,1,-41.8,-51.4,-63.4,,-73.1,-62.9,-74.9,-72.0
2,4,1,-40.9,-52.1,-60.6,-54.2,,-58.4,,-66.9
2,4,1,-45.3,-55.8,-58.0,-50.8,-74.3,-60.1,-72.3,-71.3
2,4,1,-45.2,-56.2,-59.0,-52.5,-74.7,-58.4,-73.4,-71.3
2,4,1,-41.3,-50.8,-56.0,-54.9,-70.6,-56.2,-64.9,-71.8
2,4,1,-46.6,-54.2,-57.9,-50.9,-78.6,-55.5,-65.7,-67.8
2,4,1,-42.8,-52.4,-61.1,-48.4,-75.0,-59.0,-72.0,-72.8
2,4,1,-44.9,-55.2,-58.0,-54.9,-75.8,-61.5,-69.7,-72.7
2,4,1,-43.6,-51.1,,-52.3,-72.6,-56.9,-70.5,-70.8
2,4,1,-38.5,-55.7,-60.0,-50.7,-72.9,-57.6,-68.4,-72.1
2,4,1,-44.7,-53.1,-57.2,-52.2,-76.0,-56.8,-68.7,-73.1
2,4,1,-42.9,-50.5,-59.9,-48.3,-74.9,-56.4,-67.8,-71.0
2,4,1,-44.7,-54.8,-59.7,-53.8,-73.4,-62.1,-71.0,-74.1
4,4,1,-46.2,-50.4,-59.8,-50.0,-77.6,-62.5,-71.5,-72.0
4,4,1,-47.6,-51.3,-54.4,-51.9,,-61.9,-71.2,-71.5
4,4,1,-48.5,-48.9,,-51.5,-78.7,-58.6,-67.3,-69.8
4,4,1,-48.9,-49.3,-58.4,-49.9,-72.0,-64.0,-66.9,-71.5
4,4,1,-51.6,-51.6,-56.4,,-75.0,-62.4,-68.9,-72.7
4,4,1,-45.5,-49.2,-58.8,-49.4,-77.0,-62.0,-70.2,-72.4
4,4,1,-45.1,-52.8,-56.6,-50.9,-72.5,-58.3,-67.1,-69.7
4,4,1,-47.5,-52.6,-58.9,-51.5,,-60.7,-66.2,-76.5
4,4,1,-47.3,-51.7,-57.2,-51.3,-74.3,-58.7,-68.7,-75.1
4,4,1,-43.6,-47.1,-57.4,-52.1,-72.9,-61.5,-71.0,-63.3
4,4,1,-45.5,-51.8,-57.3,-47.5,-74.7,-64.5,-68.1,-69.9
4,4,1,-47.0,-46.9,-58.1,-49.9,-74.3,-62.3,-62.5,-74.7
6,4,1,-48.5,-47.7,-55.8,-55.6,-72.9,-62.4,-66.6,-70.1
6,4,1,-47.7,-47.3,-52.2,-52.2,-75.8,-63.8,-68.8,-69.8
6,4,1,-50.1,-42.3,-58.3,-53.3,-71.7,-64.3,-64.2,
6,4,1,-48.2,-46.8,-56.8,-53.3,-73.6,-66.0,-66.2,-67.6
6,4,1,-49.3,,-57.2,-52.1,-69.3,-64.4,-68.3,-68.9
6,4,1,-49.7,-47.5,-53.5,-49.4,-71.4,,-68.7,-71.4
6,4,1,-48.3,-44.6,-55.1,-51.8,-76.9,-60.8,-67.4,-68.6
6,4,1,-52.6,-48.8,-57.0,-53.8,-72.7,-66.5,-64.8,-70.2
6,4,1,-51.9,-47.9,-54.9,-52.8,-74.9,-62.1,-67.2,-69.9
6,4,1,-48.9,-46.2,-57.8,-54.2,-70.3,-63.3,-68.2,-67.0
6,4,1,-51.7,-46.9,-56.3,-53.0,-72.2,-65.2,-70.2,-68.6
6,4,1,-49.7,-47.5,-53.2,-47.6,-72.9,-65.9,-67.8,
8,4,1,-51.7,-45.1,-54.8,-53.9,-74.2,-67.3,-64.2,-65.5
8,4,1,-52.9,-43.5,-56.1,-53.1,-69.6,-69.5,-68.2,-66.3
8,4,1,-52.4,-42.6,-52.9,-54.3,-70.5,-67.5,-65.4,
8,4,1,-51.4,-40.8,-56.9,-52.8,-69.7,-62.8,-64.3,-67.2
8,4,1,-49.9,,-56.4,-57.1,-72.9,-67.6,-63.1,-67.3
8,4,1,-50.2,-45.1,-53.1,-53.6,-70.9,-68.1,-65.0,-67.6
8,4,1,-51.2,-46.7,-54.1,-52.6,-72.4,-67.9,-68.8,-65.8
8,4,1,-52.9,-41.9,-55.6,-57.3,-70.3,-69.0,-68.2,-65.2
8,4,1,-51.7,-43.5,-54.0,-55.2,-71.1,-67.0,-63.7,-64.3
8,4,1,-54.1,-45.8,-53.2,-53.4,-68.0,-63.8,-64.2,-66.6
8,4,1,,-45.5,-53.3,-52.1,-70.9,-67.7,-67.2,-65.1
8,4,1,-52.5,-42.3,-57.1,-54.0,-67.5,-67.5,-71.4,-66.8
10,4,1,-53.7,-41.8,-51.4,-55.7,-69.0,-78.1,-67.5,-66.1
10,4,1,-47.5,-41.0,-50.9,-56.9,-68.6,-66.8,-66.1,-64.9
10,4,1,-57.1,-44.6,-49.7,-56.6,-68.5,-68.6,-61.6,-64.6
10,4,1,-55.5,-48.3,-48.6,-54.5,-67.4,-73.1,-64.5,-65.4
10,4,1,-53.6,-42.5,-48.5,-55.7,-71.7,-74.2,-67.7,-65.3
10,4,1,-52.0,-40.9,-57.0,,-73.9,-72.4,-71.3,-66.7
10,4,1,-54.0,-37.3,-48.6,-53.1,-71.5,-68.9,,-63.6
10,4,1,-55.1,-49.3,-53.5,-53.0,-67.8,-71.9,-62.7,-62.7
10,4,1,-53.6,-43.8,-51.9,-57.7,-72.4,,-65.3,-65.1
10,4,1,-53.3,-42.6,-52.2,-58.4,-69.8,-68.8,-65.4,-62.9
10,4,1,-56.0,,-50.7,-53.3,-70.7,-67.4,-64.2,-63.1
10,4,1,-56.1,-41.8,-51.3,-53.2,-70.4,-70.3,-63.7,-65.1
12,4,1,-55.4,-48.5,-52.8,-55.6,-65.6,-73.3,-66.2,-64.6
12,4,1,-56.2,-47.8,-47.9,-57.4,-75.4,-68.3,-67.5,-56.6
12,4,1,-58.0,-45.0,-52.6,-55.1,-70.8,-71.6,-70.4,-63.4
12,4,1,-57.2,-46.8,-49.5,-54.4,-69.0,-71.7,-69.9,-63.6
12,4,1,-57.1,-45.0,-47.9,-56.6,-69.0,-68.8,-66.5,-62.3
12,4,1,-55.5,-48.0,-47.7,-54.9,-68.2,-75.7,-66.3,-59.8
12,4,1,,-50.1,-46.2,-59.9,-65.5,-73.0,-70.4,
12,4,1,-58.4,-44.3,-50.0,-57.4,-68.5,-74.7,-65.8,-59.0
12,4,1,-58.3,-49.1,-44.5,,-65.8,,-67.3,-57.5
12,4,1,-57.8,-48.2,-48.3,-53.8,-69.3,-70.7,-66.1,-63.2
12,4,1,-56.6,-45.4,-51.0,-59.7,-67.1,-72.5,-64.1,-63.8
12,4,1,-58.1,-49.2,-46.6,-56.3,-65.1,-70.6,-67.5,-63.0
14,4,1,-55.1,-51.4,-41.1,-61.4,-66.1,-71.7,-67.1,-55.5
14,4,1,-60.1,-46.7,-44.3,-56.2,-71.6,-72.1,-64.3,-56.5
14,4,1,-59.2,-48.4,-42.5,-56.5,-65.3,-74.2,-68.0,-61.0
14,4,1,-58.0,-49.8,-41.7,-54.4,-64.7,-71.3,-66.4,-59.0
14,4,1,-58.1,-49.3,-42.3,-54.6,-68.0,-74.8,-69.6,-59.2
14,4,1,-58.8,-46.2,-38.0,-62.3,-68.2,-71.8,-69.8,-57.6
14,4,1,-58.2,-52.5,-43.9,-58.1,-68.0,-73.0,-68.7,-58.9
14,4,1,-59.9,-47.7,-44.5,-60.6,-68.2,-74.4,-68.0,-59.4
14,4,1,-57.1,-48.9,-43.7,-55.0,-67.5,-72.3,,-59.3
14,4,1,-54.4,-51.9,-41.3,-56.2,-67.3,-71.3,-69.5,-58.3
14,4,1,-58.9,-45.8,-40.4,-55.6,-68.0,-74.0,-71.8,-61.6
14,4,1,-57.0,-47.6,-46.7,-54.8,-67.0,-73.9,-67.3,-59.0
16,4,1,-58.2,-55.4,-35.8,-58.5,-65.4,-74.4,-70.5,-58.1
16,4,1,-60.2,-55.5,-41.0,-61.3,-69.9,-74.7,-69.9,-56.5
16,4,1,-57.8,-54.7,-36.3,-59.9,-65.9,-74.9,-69.2,-58.6
16,4,1,-60.6,-51.4,-39.6,-57.5,-69.7,-74.2,-69.9,-58.5
16,4,1,-60.6,-53.6,-38.0,-63.6,-66.1,-71.9,-73.1,-58.0
16,4,1,-59.2,-53.8,-33.7,-59.3,-65.3,-73.9,-70.1,-59.5
16,4,1,-57.3,-53.2,-35.7,-59.9,-65.0,-76.7,-72.9,-63.1
16,4,1,-59.9,-52.4,-38.1,-58.6,-69.7,-75.9,-73.6,-61.2
16,4,1,-54.4,-52.9,-30.0,-60.2,-69.5,-72.5,-71.2,-62.7
16,4,1,-60.2,-53.4,-37.3,-56.2,-64.0,-74.9,-68.4,-57.1
16,4,1,-60.4,-54.3,-36.4,-54.7,-65.3,-74.1,-69.9,-59.8
16,4,1,-57.5,-55.1,-31.5,-58.1,-66.8,-78.6,-69.6,-54.7
18,4,1,-63.0,-58.8,-33.6,,-66.6,-72.4,-69.0,-65.7
18,4,1,-60.4,-57.2,-33.7,-60.4,-66.0,-74.2,-73.8,-60.2
18,4,1,-60.5,-52.5,-34.4,-58.4,-69.0,-77.6,-73.7,-58.4
18,4,1,-60.1,-53.7,-36.4,-60.3,-67.6,-73.6,-78.6,-62.8
18,4,1,-57.2,-54.3,-37.8,-62.0,-68.6,-71.0,-73.0,-61.9
18,4,1,-63.3,-51.7,-34.3,-60.9,-63.8,,-68.3,-60.1
18,4,1,-61.4,-54.0,-31.7,-60.6,-66.6,-76.7,-70.7,-61.1
18,4,1,-61.9,-55.2,,-61.7,-69.6,-76.1,-74.2,-63.2
18,4,1,-57.4,-52.1,-35.2,-62.4,-69.2,-75.0,-70.5,-64.1
18,4,1,-62.6,-58.8,-39.2,-56.2,-66.4,-75.3,-69.5,-62.0
18,4,1,-61.7,-52.6,-34.6,-58.7,-64.9,-71.9,-64.9,-64.4
18,4,1,-60.7,-53.7,-37.4,-59.9,-64.1,-73.7,-74.2,-60.5
0,8,1,-53.5,-57.1,-58.8,-46.4,-79.3,-48.8,-67.7,-76.7
0,8,1,-52.8,-56.7,-59.7,-47.4,-74.8,,-70.0,-75.1
0,8,1,-55.6,-58.9,-58.0,-46.5,-74.8,-46.7,-72.0,-74.5
0,8,1,-53.8,-60.0,-59.1,-44.2,-72.4,-51.5,-71.5,-74.8
0,8,1,-49.6,-55.5,-58.7,-47.6,-69.5,-48.7,-73.6,-75.6
0,8,1,-52.8,-56.7,-62.8,-49.9,-73.2,-51.9,-72.0,-74.8
0,8,1,-50.7,-55.3,-60.1,-45.1,-74.3,-49.4,-72.0,-74.7
0,8,1,-51.3,-56.7,-58.8,-43.8,-73.9,-49.9,,-76.7
0,8,1,-52.5,-57.8,-56.0,-46.6,-78.6,-52.8,-70.4,-76.5
0,8,1,-54.4,-55.5,-59.3,-45.5,-76.6,-49.9,-69.9,-75.4
0,8,1,-49.7,-54.6,-58.3,-50.6,-77.5,-50.8,-69.0,-71.1
0,8,1,-54.6,-58.2,-59.5,-45.8,-74.3,-51.9,-68.2,-71.8
2,8,1,-51.3,-54.7,-60.1,-41.6,-74.3,-46.1,-67.8,-70.6
2,8,1,-51.0,-57.4,-59.3,-41.6,-74.6,-54.8,-70.5,-72.8
2,8,1,-53.2,-53.7,-59.6,,-73.2,-49.8,-65.8,-73.3
2,8,1,-56.3,-50.7,-60.0,-46.4,-75.8,-52.3,,-75.6
2,8,1,-53.1,-55.1,-59.2,-43.4,-73.9,-52.5,-70.9,-74.3
2,8,1,-52.4,-50.9,-57.5,-43.9,-71.6,-51.7,-66.6,-73.4
2,8,1,-49.7,-60.1,-62.3,-45.0,-73.8,-54.1,,-73.2
2,8,1,-48.7,-53.6,-59.0,-41.6,-70.1,-50.2,-69.2,-77.5
2,8,1,-53.6,-54.6,-56.1,-44.6,-73.1,-47.1,-66.8,-72.3
2,8,1,-47.7,-51.8,-62.1,-46.0,-77.3,-50.1,-63.7,-76.6
2,8,1,-50.0,-55.8,-55.5,-42.2,-76.4,-50.5,-63.9,-74.4
2,8,1,-50.0,-54.8,-60.5,-44.6,-77.2,-49.9,-66.4,-70.6
4,8,1,-52.5,-52.1,-57.7,-42.5,-74.8,-57.6,-62.3,-69.4
4,8,1,-48.0,-53.6,-57.5,-45.3,-75.6,-56.5,-67.7,-72.2
4,8,1,-54.1,-51.3,-56.8,-43.4,-72.0,-55.8,-64.2,-74.7
4,8,1,-52.7,-58.1,-58.7,-44.4,-74.5,-55.8,-63.4,-72.1
4,8,1,-52.7,-51.8,-62.0,-42.0,-70.7,,-65.1,-75.9
4,8,1,-51.1,-52.9,,-45.4,-72.8,-59.4,-67.2,-76.4
4,8,1,-52.9,-50.5,-54.7,-42.9,-78.8,-57.6,-70.1,-70.7
4,8,1,-54.8,-55.3,-61.0,-44.0,-76.7,-59.5,,-70.8
4,8,1,-51.1,,-53.2,,-74.5,,-66.2,-71.0
4,8,1,-50.4,-50.4,-58.1,-41.2,-69.5,-60.6,-64.8,-76.6
4,8,1,-51.5,-51.8,-58.3,,-70.3,-57.7,-65.0,-69.2
4,8,1,-50.8,-51.4,-55.5,-50.9,-74.9,-54.8,-64.5,-73.5
6,8,1,-51.3,-55.7,-56.1,-48.1,-71.4,-63.8,-67.6,-72.1
6,8,1,-54.2,-50.5,-53.8,-47.5,-69.9,-58.9,-59.1,-69.3
6,8,1,-53.7,,-52.6,-45.4,-72.0,-62.6,-65.2,-74.8
6,8,1,-50.6,-51.1,-55.2,-45.3,-71.1,-67.2,-62.2,-73.2
6,8,1,-55.8,-52.1,-55.8,-45.1,-72.0,-59.2,-60.3,-70.8
6,8,1,-53.6,-52.2,-56.1,-46.0,-71.1,-59.8,-63.5,-69.6
6,8,1,-55.0,-53.5,-57.1,-46.6,-70.3,-64.3,-65.2,-73.1
6,8,1,-54.0,-53.9,-51.7,-44.2,-70.6,-63.8,-66.3,-73.2
6,8,1,-54.6,-56.2,-54.6,-45.6,-68.4,-61.2,-63.1,-71.6
6,8,1,-53.5,-54.6,-57.8,-44.5,-70.6,-62.1,-57.1,-64.7
6,8,1,-56.2,-46.1,-56.1,-48.8,-72.7,-63.9,-61.6,-65.7
6,8,1,-54.4,-58.5,-54.4,-46.5,-71.0,-63.6,-61.9,-68.6
8,8,1,-54.6,-51.0,-56.4,-47.5,-67.6,-65.3,-59.1,-73.7
8,8,1,-56.0,-54.2,-55.6,-46.2,-65.9,-65.2,-62.3,-67.7
8,8,1,,-54.0,-55.9,-48.3,-67.9,-64.4,-58.8,-72.1
8,8,1,-56.5,-51.6,-53.9,-48.9,-70.2,-66.0,-57.7,-69.0
8,8,1,-55.7,-52.7,-54.5,-48.8,-68.6,-67.0,-59.6,
8,8,1,-57.1,-45.4,-55.6,-49.2,-68.8,-64.5,-57.9,-69.4
8,8,1,,-54.5,,-48.1,-70.9,-66.9,-62.0,-69.5
8,8,1,-52.0,-51.2,-53.6,-48.0,,-65.5,-59.1,-65.6
8,8,1,-50.5,-51.0,-58.9,-45.5,-67.7,-68.6,,-68.6
8,8,1,-56.8,-51.9,-55.6,-47.9,-66.9,-66.9,-55.2,
8,8,1,-56.6,-52.1,-55.0,-50.4,-71.8,-68.5,-55.1,-65.1
8,8,1,-56.3,-51.9,-53.1,-53.8,-70.6,-66.7,-55.4,-65.9
10,8,1,-61.3,-53.4,-49.7,-54.7,-69.2,-67.8,-54.5,-71.7
10,8,1,-55.2,-50.7,-52.6,-49.4,-68.1,-70.9,-61.5,-68.5
10,8,1,-54.8,-53.6,,-51.5,-70.4,-67.1,-53.9,-66.5
10,8,1,-58.3,-51.4,-52.8,-51.9,-68.4,-66.2,-62.9,-69.2
10,8,1,-60.2,-50.3,-54.5,-52.5,-70.4,-69.3,-60.0,-67.4
10,8,1,-59.0,-50.1,-49.7,-49.1,-64.4,-66.5,-57.0,-66.8
10,8,1,-59.2,-53.4,-52.3,-48.9,-67.5,-70.1,-60.2,-66.5
10,8,1,-61.7,-51.9,-51.7,-57.1,-64.7,-65.4,-60.2,-67.6
10,8,1,-57.1,-52.3,-53.5,-53.4,-67.5,-69.1,-60.6,-69.8
10,8,1,-57.6,-52.5,-56.1,-53.7,-67.6,-69.5,-57.5,-70.1
10,8,1,-57.5,-50.9,-53.3,-55.0,-70.1,-68.2,-59.1,-66.5
10,8,1,-58.8,-50.3,-52.9,-53.9,-68.3,-71.9,-63.0,-73.2
12,8,1,-51.8,-54.9,-50.7,-52.0,-62.7,-68.9,-62.8,-67.2
12,8,1,,-52.3,-46.5,-51.6,-66.3,-70.0,-60.0,-67.2
12,8,1,-58.6,,-50.4,-56.3,-63.3,-70.7,-63.7,-71.6
12,8,1,-60.7,-51.9,-51.6,-51.2,-63.7,-72.6,-62.9,-67.6
12,8,1,-56.1,-53.6,-43.4,-53.2,-66.6,-71.9,-61.4,
12,8,1,-59.9,-51.0,-48.1,-54.9,-63.8,-74.7,-58.9,-66.9
12,8,1,-54.5,-53.9,-46.8,-51.0,-65.1,-72.0,,-69.9
12,8,1,-58.8,-55.0,-47.1,-53.7,-66.3,-71.9,-60.8,-65.6
12,8,1,-56.7,,-51.5,-56.3,-65.1,-69.9,-61.4,-66.4
12,8,1,-58.7,-51.9,-49.0,-54.0,-67.0,-72.7,-62.9,-68.6
12,8,1,-58.9,-54.7,-50.8,-54.2,-67.0,-70.5,-63.0,-66.9
12,8,1,-61.3,-55.5,-51.6,-57.8,-62.2,-70.5,-59.6,-64.0
14,8,1,-55.7,-51.1,-48.7,-59.5,-64.1,-71.1,-66.1,-65.2
14,8,1,-58.4,-55.8,-46.2,-53.1,-63.7,-73.8,-68.5,-67.9
14,8,1,-57.9,-53.0,-48.3,-54.5,-59.6,-76.8,-63.4,-66.5
14,8,1,-61.1,-51.7,-47.6,-53.7,-59.2,-73.5,-64.4,-66.4
14,8,1,-57.6,-52.2,-43.2,-55.2,-58.6,-76.0,-66.1,-65.4
14,8,1,-62.0,-54.4,-50.2,-53.0,-58.2,-72.7,-61.1,-66.2
14,8,1,-58.0,-53.6,-50.2,-55.3,-60.3,-70.3,-65.5,-65.4
14,8,1,-58.0,-54.8,-48.5,-56.9,-61.7,-73.7,-62.4,-63.8
14,8,1,-58.4,-55.9,-44.3,-55.0,-58.7,-71.2,-62.7,-65.9
14,8,1,-61.4,-53.7,-42.6,-57.3,-58.2,-74.4,-62.3,-65.6
14,8,1,-54.9,-53.7,-44.2,-55.0,-60.2,,-63.6,-65.7
14,8,1,-62.7,-52.2,-50.4,-55.9,-60.4,-72.0,-71.6,-66.4
16,8,1,-62.9,-53.7,-45.3,-55.3,-57.4,-72.1,-67.2,-69.3
16,8,1,-61.3,,-41.3,-58.9,-58.8,-74.7,-65.0,-67.2
16,8,1,-60.9,-53.4,-46.4,-55.5,-59.7,-74.8,-66.1,-64.0
16,8,1,-59.0,-54.8,-43.2,,-54.1,-71.2,-64.3,-67.5
16,8,1,-59.3,-55.8,-48.8,-60.2,-58.6,-71.6,-65.7,-67.4
16,8,1,-59.8,-56.8,-43.1,-60.0,-56.8,-74.5,-64.6,-67.8
16,8,1,-57.7,-51.9,-40.5,-59.7,-60.0,-74.8,-65.4,-64.0
16,8,1,-60.4,-51.5,-48.7,-58.4,-56.4,-77.3,-61.8,-66.4
16,8,1,-64.7,-57.0,-46.0,-56.1,-64.0,-75.3,-67.0,-69.7
16,8,1,-61.1,-53.9,-44.9,-59.4,-58.6,-75.3,-69.4,-67.9
16,8,1,-61.0,-52.4,-42.9,-57.9,-57.4,-73.8,-70.5,-65.7
16,8,1,-64.4,-57.3,-44.9,-59.9,-58.9,-75.2,-68.7,-62.9
18,8,1,-64.5,-58.5,-43.0,-60.7,-56.1,-81.1,-66.6,-67.7
18,8,1,-60.1,-59.9,-42.6,-58.4,-60.7,-76.1,-66.0,-64.8
18,8,1,,-56.1,-40.8,-57.5,-57.2,-78.9,-71.2,-69.3
18,8,1,-61.6,-56.7,-40.6,-60.2,-56.9,-75.3,-67.8,-66.1
18,8,1,-60.4,-52.6,-42.1,-55.6,-59.9,-75.1,-70.6,-68.7
18,8,1,-59.8,-59.8,-42.3,-59.9,-55.0,-72.2,-70.1,-66.0
18,8,1,-60.7,-58.2,-42.0,-60.8,-63.1,-74.9,-71.6,-66.7
18,8,1,-65.1,-60.7,-43.8,-60.0,-59.8,-75.0,-72.6,-69.6
18,8,1,-58.3,-51.2,-41.9,-61.2,-57.6,-76.8,-69.4,-65.3
18,8,1,-62.1,,-42.9,-59.3,-55.9,-74.7,-68.4,-69.5
18,8,1,-57.5,-56.0,-44.4,-56.2,-59.7,-72.1,-67.1,-66.9
18,8,1,-64.3,-54.1,-46.4,-62.5,-58.8,-74.8,-66.9,-68.2
0,12,1,-52.0,-56.3,-58.0,-44.6,-77.3,-61.0,-69.8,-76.5
0,12,1,-54.4,-58.7,-58.4,-44.6,-75.4,-64.8,-69.8,-77.8
0,12,1,-58.7,-58.3,-62.3,-45.9,-73.7,-68.3,-64.8,-74.3
0,12,1,-54.5,-59.6,-61.6,-40.1,-78.4,-63.7,-70.1,-76.5
0,12,1,-57.1,-60.0,-60.5,-38.2,-77.1,-60.6,-70.4,-80.2
0,12,1,-53.4,-55.6,-66.9,-42.9,-76.8,-61.3,-69.4,-78.0
0,12,1,-57.1,-61.6,-59.2,-43.0,,-60.7,-70.2,-74.4
0,12,1,-57.6,-53.8,-59.6,,-75.8,-69.3,-70.8,-75.9
0,12,1,-57.1,-59.1,-64.2,-42.3,-73.5,-61.1,-67.7,-78.2
0,12,1,-57.8,-60.8,-61.2,-43.0,-75.8,-64.1,-70.2,-73.5
0,12,1,-56.8,-57.6,-62.3,-42.2,-74.7,-63.9,-65.0,-76.4
0,12,1,-53.7,-58.9,-61.9,-44.0,-71.0,-68.1,-69.0,-77.1
2,12,1,-58.4,-56.2,-59.1,-34.4,-70.1,-62.2,,
2,12,1,-56.4,-52.2,-62.7,-39.3,-74.7,-64.8,-65.7,-75.3
2,12,1,-60.1,-59.4,-60.4,-36.5,-73.3,-64.4,-65.7,-76.1
2,12,1,-60.2,-55.3,-65.1,-36.4,-73.7,-62.4,-63.7,-78.3
2,12,1,-57.3,-60.7,-59.9,-35.8,-76.1,-63.1,-65.7,-74.0
2,12,1,-59.1,-60.4,-63.5,-36.6,-70.5,-61.4,-67.3,-73.4
2,12,1,-59.0,-59.8,-56.1,-34.7,-73.1,-62.0,-63.6,-73.7
2,12,1,-55.4,-61.3,-59.3,-38.0,-74.1,-62.5,-65.5,-80.2
2,12,1,-55.2,-55.8,-55.0,-37.4,-77.6,-63.3,,-73.6
2,12,1,-55.4,-56.0,-59.0,-35.6,-74.6,-65.3,-65.2,-75.7
2,12,1,-55.6,-56.1,-59.3,-34.7,-74.9,-66.0,-65.2,-74.1
2,12,1,-53.6,-58.0,-59.2,-36.6,-77.4,-62.8,-67.6,-75.3
4,12,1,-55.3,-56.3,-54.9,-32.5,-70.7,-64.9,-60.3,-71.5
4,12,1,-57.0,-59.7,-60.3,-37.2,-74.7,-63.2,-62.0,-73.4
4,12,1,-55.6,-56.1,-61.5,-40.8,-70.9,-62.1,-63.2,-78.2
4,12,1,-57.7,-59.1,-57.1,,-77.1,-62.5,,-72.7
4,12,1,-55.1,-58.3,-56.6,-32.9,-74.1,-67.5,-67.5,-73.8
4,12,1,-62.2,-56.7,,-35.7,-71.6,,-61.7,-75.7
4,12,1,-57.6,-55.3,-60.7,-37.8,,-62.7,-67.5,-73.3
4,12,1,-56.7,-53.5,-60.5,-33.9,-70.0,-62.7,-63.1,-76.4
4,12,1,-58.7,-55.9,-57.4,-37.8,-70.4,-64.7,-59.7,-72.1
4,12,1,-52.7,-55.3,-58.0,-38.5,-75.2,-63.5,-65.0,-76.1
4,12,1,-52.9,-56.5,-57.6,-30.0,-70.1,-65.7,-65.9,-73.3
4,12,1,-57.1,-56.0,-59.6,-33.2,-71.3,-64.0,-64.3,-75.8
6,12,1,-55.8,-55.4,-60.4,-42.9,-69.7,-66.2,-57.4,-76.6
6,12,1,,-56.9,-55.1,-42.0,-72.7,-65.4,-55.2,-74.7
6,12,1,-57.4,-61.4,-52.8,-45.1,-70.9,-65.4,-60.4,-74.6
6,12,1,-58.0,-55.7,-59.2,-42.9,-74.8,-62.7,-60.8,-78.7
6,12,1,-59.2,,-54.7,-44.1,-67.9,-67.8,-60.3,-74.1
6,12,1,-56.5,-57.3,-61.3,-40.4,-71.0,-65.6,-57.4,-69.0
6,12,1,-54.2,,-54.9,-46.5,-74.6,-64.3,-56.7,-77.2
6,12,1,-58.7,-53.9,-58.1,-43.4,-73.7,-69.4,-59.8,-74.9
6,12,1,-62.7,-56.9,-55.7,-46.2,-74.5,-66.1,-56.7,-77.0
6,12,1,-55.0,-52.2,-56.8,-38.2,-74.3,-70.0,-58.9,-74.8
6,12,1,-57.0,-55.4,-55.1,-41.1,-74.1,-65.6,-56.9,-69.4
6,12,1,-58.1,-56.3,-55.9,-43.6,-72.0,-65.9,-62.0,-76.7
8,12,1,-58.0,-55.9,-57.5,-51.4,-69.2,-70.2,-51.3,-71.3
8,12,1,-52.3,-58.1,-54.7,-47.8,-70.7,-67.2,-52.0,-73.5
8,12,1,-56.8,-56.8,-55.6,-47.4,-66.1,-71.5,-51.4,-68.2
8,12,1,-57.8,-54.1,-52.6,-48.4,-71.2,-71.8,-50.4,-72.1
8,12,1,-64.3,-53.2,-58.5,-45.6,-66.5,-72.1,-49.5,-73.7
8,12,1,-58.3,-51.4,-53.7,-48.7,-65.7,-66.7,-47.2,-72.1
8,12,1,-62.2,-58.9,-52.7,-46.3,,-69.3,-53.5,-77.1
8,12,1,-58.2,-61.5,-53.3,-47.3,-64.1,-66.2,-48.0,-67.5
8,12,1,-56.9,-57.0,-56.3,-51.5,-72.6,-66.9,-48.3,-70.3
8,12,1,-62.2,-55.7,-59.6,-46.6,-71.1,-67.6,-52.0,-72.3
8,12,1,-60.7,-55.9,-60.7,-46.4,-65.7,-65.1,-50.7,-72.0
8,12,1,-55.8,-54.5,-57.8,-49.0,-70.1,-68.5,-49.6,-70.6
10,12,1,-59.4,-53.2,-56.1,-52.7,-66.0,-69.0,-49.7,
10,12,1,-57.5,-55.1,-51.0,-55.7,-70.9,-74.3,-51.3,-73.9
10,12,1,,-55.9,-53.9,-52.7,-69.4,-69.1,-51.2,
10,12,1,-57.9,-54.9,-59.2,-50.8,-70.3,,-52.8,-74.4
10,12,1,-58.8,-58.9,-57.4,-51.3,-68.3,-73.9,-52.7,-72.3
10,12,1,-56.7,-57.4,-53.0,,-66.9,-68.9,-49.6,-67.2
10,12,1,-56.7,-58.7,-56.2,-57.0,-66.9,-74.2,-51.8,-73.1
10,12,1,-57.5,-54.9,-61.0,-48.0,-66.1,-70.2,-48.2,
10,12,1,-56.4,-55.1,-54.6,-49.9,-62.2,-69.0,-51.4,-74.4
10,12,1,-56.4,-57.0,-54.1,-50.9,-62.7,-71.6,-53.5,-75.1
10,12,1,-59.1,-53.7,-52.3,-49.7,-65.2,-72.2,-50.3,-67.9
10,12,1,-56.7,-54.9,-55.5,-52.6,-66.0,-66.4,-54.6,-70.8
12,12,1,,-56.1,-52.6,-54.3,-62.9,-71.2,-61.5,-75.0
12,12,1,-60.2,-59.5,-56.2,-52.1,,-76.7,-63.4,-72.2
12,12,1,-58.6,-53.7,-55.0,-58.4,-62.7,-70.1,-59.1,-74.9
12,12,1,-59.6,-55.4,,-55.3,-64.6,-72.8,-57.4,-71.4
12,12,1,-60.9,-57.8,-52.2,-52.7,-59.3,-72.3,-56.1,-73.2
12,12,1,-60.5,-54.9,-55.1,-57.1,-64.6,-69.3,-55.7,-69.3
12,12,1,-55.2,-54.6,-55.3,-52.0,-64.6,-70.8,-63.2,-69.4
12,12,1,-58.9,-57.4,-51.1,-51.5,-62.7,-69.5,-62.2,-67.3
12,12,1,-57.3,-54.3,-58.2,-49.1,-63.0,-73.1,-54.9,-74.2
12,12,1,-60.5,-56.2,-56.0,-52.6,-62.8,-74.3,-58.3,-73.9
12,12,1,-63.6,-54.9,-54.7,-55.9,-68.6,-73.3,-61.2,-74.8
12,12,1,-58.4,-59.6,-54.8,-54.5,-60.6,-71.0,-57.6,-72.0
14,12,1,-56.5,-56.4,-50.5,-57.5,-59.0,,-65.4,-70.1
14,12,1,-60.4,-55.8,-51.2,-54.7,-59.6,-72.6,-62.5,-70.9
14,12,1,-62.0,-55.9,-51.2,-55.0,-62.2,-73.1,-61.0,-70.1
14,12,1,-61.7,-56.0,-49.1,-56.7,-58.1,-75.1,-64.2,-72.1
14,12,1,-56.5,-57.2,,-57.3,-57.6,,-61.0,-72.0
14,12,1,-61.8,-55.5,-52.9,-56.0,-59.2,-71.2,-64.9,-71.6
14,12,1,-58.5,-57.4,-52.5,-52.3,-56.5,-73.5,-59.9,
14,12,1,-65.0,-56.2,-49.6,-58.1,-57.8,,-61.7,-73.8
14,12,1,-58.7,-60.7,,-59.4,-56.3,,-64.2,-66.1
14,12,1,-61.7,-58.1,-54.4,-55.9,-58.9,-74.8,-66.8,-68.3
14,12,1,-63.4,-57.9,-53.0,-56.3,-58.7,-70.5,-63.0,-72.4
14,12,1,-61.3,-59.4,-57.3,-54.5,-53.6,-71.6,-63.8,-67.7
16,12,1,-60.9,-62.2,,-56.5,,-73.2,-64.2,-71.3
16,12,1,-60.2,-56.0,-55.5,-57.1,-51.3,-73.1,-66.9,-70.4
16,12,1,-57.6,-59.0,-53.6,-59.7,-48.6,-74.2,-63.1,-67.4
16,12,1,-61.8,-58.2,-52.1,-55.6,-50.1,,-69.5,-68.4
16,12,1,-64.0,-53.3,-52.2,-56.4,-46.9,-73.0,-67.6,-72.3
16,12,1,-62.7,-57.1,-52.4,-55.5,-52.2,-70.3,-67.3,
16,12,1,-64.0,-59.4,-49.3,-61.4,-49.0,-70.0,-68.2,-73.9
16,12,1,-62.6,-55.1,-52.7,-57.0,,-74.2,-66.2,-67.9
16,12,1,-59.3,-58.2,-48.9,-51.5,-49.4,-74.4,-69.8,
16,12,1,-60.8,-56.4,-53.0,,,-78.6,-69.3,-68.3
16,12,1,-61.8,-56.1,-45.9,-59.8,-49.9,-75.1,-66.1,-72.4
16,12,1,-66.1,-61.2,-52.6,-58.6,-50.8,-73.9,-63.1,-75.6
18,12,1,-59.9,-57.3,-55.2,-59.3,-52.9,-75.7,-70.2,-74.6
18,12,1,-66.1,-55.6,-51.3,-57.6,-52.1,-71.4,-71.0,-69.3
18,12,1,-64.0,-57.8,-53.2,-60.7,-49.8,-77.5,-68.7,-68.2
18,12,1,-60.6,-60.7,-50.6,-59.5,-50.0,-74.3,-67.7,-74.4
18,12,1,-54.2,-58.6,-51.3,-59.2,-50.0,-77.9,-70.4,-73.4
18,12,1,-60.7,-56.7,-54.2,-58.6,-50.9,-78.1,-67.6,-67.8
18,12,1,-64.7,-57.6,,-55.3,-49.4,-77.4,-72.1,-69.1
18,12,1,-58.2,-57.9,-49.7,-59.6,-53.9,-78.5,-71.1,-69.6
18,12,1,-64.2,-59.5,,-57.4,-51.9,-75.6,-69.3,-69.7
18,12,1,-59.6,-57.6,-52.6,-58.4,-51.3,-75.6,-68.0,-70.2
18,12,1,-65.0,-58.0,-54.9,,-50.0,-75.1,-73.8,-72.1
18,12,1,-65.2,-60.2,-54.8,-58.1,-53.5,-78.3,-66.1,-73.4
0,0,2,-49.3,-66.4,-75.4,-66.9,-63.3,-46.8,-58.0,-56.6
0,0,2,-49.6,-69.0,-76.8,-69.2,-62.9,-51.3,-61.2,-56.6
0,0,2,-49.4,-68.9,-75.7,-73.8,-61.8,-46.2,,-60.2
0,0,2,-51.2,-66.4,-75.4,-74.6,-61.9,-51.0,-59.9,-63.0
0,0,2,-51.4,-73.6,-75.5,-71.2,-60.1,-52.5,-64.4,-55.9
0,0,2,-51.2,-70.4,-75.1,-72.5,-60.5,-50.3,-57.8,-56.4
0,0,2,-50.0,-67.0,-76.6,-69.3,-60.8,-54.5,-58.1,-57.2
0,0,2,-48.3,-67.4,-73.1,-66.4,-63.1,-54.7,-60.1,-56.4
0,0,2,-49.0,-71.0,-77.6,-72.4,-67.6,-55.0,-57.0,-60.2
0,0,2,-51.0,-69.5,-74.9,-70.1,-66.4,-54.6,-59.1,-56.0
0,0,2,-47.3,,-74.6,-72.9,-59.3,-53.3,-59.1,-62.0
0,0,2,-50.7,-68.9,-74.6,-68.4,-59.6,-49.9,-58.4,-58.2
2,0,2,-50.8,-68.2,-75.1,-68.7,-61.0,-52.4,-56.5,-55.6
2,0,2,-50.2,,-77.7,-68.1,-62.2,-52.3,-60.0,-57.1
2,0,2,-49.4,-66.0,-74.4,-70.7,-66.2,-51.3,-59.4,-55.8
2,0,2,-51.0,-66.2,-75.9,-71.6,-58.2,-53.4,-58.9,-60.8
2,0,2,,-68.2,-76.8,-73.4,-61.4,-49.1,-62.0,
2,0,2,-50.0,-69.7,-78.6,-73.4,-64.9,-49.6,-54.5,-58.3
2,0,2,-54.3,-64.2,-77.1,-73.9,-61.2,-56.6,,-58.0
2,0,2,-51.4,-69.1,-73.6,-69.1,-59.0,-46.7,-57.3,-56.9
2,0,2,-50.7,-61.8,-77.7,-74.1,-62.5,-50.3,-60.9,-57.2
2,0,2,-50.5,-66.8,,-69.5,-57.5,-51.8,-58.9,-55.7
2,0,2,-46.4,-66.6,-75.1,-70.5,-59.2,-50.1,-56.7,-58.4
2,0,2,-51.1,-63.2,-77.0,-73.2,-58.8,-45.6,-55.6,-57.4
4,0,2,-59.6,-61.2,-74.0,-71.6,-54.4,-55.0,-57.1,-57.8
4,0,2,-61.3,-63.6,-70.6,-68.2,-64.6,-53.6,-54.5,-53.8
4,0,2,-58.4,-66.5,-73.6,-72.3,-60.2,-53.8,-56.0,-56.7
4,0,2,-58.6,-64.2,-69.9,-72.6,-62.8,-49.8,-58.7,-58.2
4,0,2,-58.3,-62.2,-73.6,-76.2,-63.2,-49.1,-56.1,-56.0
4,0,2,-56.6,-63.5,-72.5,-73.5,-62.5,-50.6,-53.0,-57.5
4,0,2,-59.5,-64.0,-74.2,-73.8,-55.0,-47.1,-55.7,-58.3
4,0,2,-56.5,-63.5,-73.7,-75.0,-59.4,-53.3,-53.7,-56.3
4,0,2,-60.4,-63.9,-73.2,-73.2,-60.8,-53.6,-54.4,-53.3
4,0,2,-56.5,-66.1,-71.1,-68.4,-59.6,,-57.3,-58.8
4,0,2,-55.3,-59.0,-72.4,-71.4,-54.5,-50.3,-53.9,
4,0,2,-58.4,-60.7,-74.5,-72.7,-62.4,-55.5,-57.4,-52.8
6,0,2,-61.1,-57.2,-69.1,-70.9,-59.5,-57.4,-57.8,-55.9
6,0,2,-58.8,-56.6,-71.7,-71.7,-58.4,-55.9,-57.2,-57.8
6,0,2,-58.7,-59.5,-70.7,-68.8,-58.4,-52.4,-56.0,-54.5
6,0,2,-65.1,-56.4,-70.0,-71.3,-58.8,-56.7,-57.2,-56.5
6,0,2,-64.7,-58.9,-71.8,-69.9,-56.5,-54.3,-54.2,-51.8
6,0,2,-66.8,-55.3,-72.0,-69.0,-56.2,-52.0,-55.6,-52.0
6,0,2,-65.1,-59.9,-72.4,-71.1,-58.7,-52.7,-57.6,-55.6
6,0,2,,-59.7,-69.8,-71.7,-57.8,-50.3,-59.0,-53.8
6,0,2,-66.1,-59.5,-69.8,-72.0,-56.8,-54.0,,-53.8
6,0,2,-62.6,-57.6,-68.5,-70.2,-59.4,-50.5,-52.4,-54.3
6,0,2,-68.0,-56.2,-73.4,-67.2,-59.8,-52.6,-55.1,-54.5
6,0,2,-65.7,-59.4,-74.2,-70.1,-67.1,-54.2,-58.8,-52.3
8,0,2,-67.3,-53.8,-70.7,-77.3,-61.5,-55.4,-58.1,-55.6
8,0,2,-62.8,-48.5,-72.2,-70.9,-57.1,-55.8,-54.6,-50.3
8,0,2,-66.8,-53.3,-67.4,-73.2,-61.5,-54.2,-57.5,
8,0,2,-65.4,-51.4,-71.2,-71.8,-56.7,-53.1,-55.7,-49.4
8,0,2,-64.9,-46.8,-69.6,-73.0,-61.3,-51.5,-53.9,-51.0
8,0,2,-65.8,-49.2,-70.5,-69.6,-58.9,-56.8,-61.0,-51.6
8,0,2,,-49.8,-74.0,-71.9,-61.8,-49.9,-56.6,-49.1
8,0,2,-65.0,-48.3,-65.6,-77.2,-57.4,-51.6,-57.4,-51.6
8,0,2,-67.6,-51.6,-65.2,-72.2,-57.9,-54.5,-57.1,-52.7
8,0,2,-69.7,-50.7,-70.7,-69.9,-57.9,-54.7,-55.4,-49.1
8,0,2,-64.4,-45.5,-70.0,-71.7,-60.3,-51.7,-58.1,-51.9
8,0,2,-70.0,-47.4,-68.2,-69.9,-57.3,-51.7,-57.9,-52.1
10,0,2,-68.0,-47.1,-70.1,-73.2,-52.7,-59.6,-57.0,-53.0
10,0,2,,-51.6,-68.9,-73.7,-56.7,-59.6,-57.8,-52.3
10,0,2,-69.0,-52.6,-68.7,-71.3,-59.1,-60.6,-56.7,-50.9
10,0,2,-69.7,-53.2,-68.5,-72.0,-56.1,-57.1,-56.0,
10,0,2,-70.7,-48.0,-69.3,-75.3,-59.1,-57.6,-55.3,-49.7
10,0,2,-66.3,-50.9,-68.3,-73.7,-60.2,-60.0,-55.4,-49.7
10,0,2,-67.7,-53.9,-68.8,-74.7,-57.1,-55.0,-59.5,
10,0,2,-68.3,-49.3,-67.7,-72.3,-56.7,-56.5,-54.9,
10,0,2,-67.3,-53.8,-68.5,-71.7,-51.9,-55.8,-56.2,-50.3
10,0,2,-71.8,-50.1,-69.1,-71.5,-58.4,-57.1,-56.8,-45.8
10,0,2,-68.6,-50.7,-69.4,-74.0,-54.6,-59.0,-55.2,-47.6
10,0,2,-69.8,-51.2,-66.1,-74.5,-60.3,-58.3,-57.3,-44.4
12,0,2,-68.2,-60.1,,-74.4,-55.0,-55.1,-57.0,-47.3
12,0,2,-75.9,-61.1,-65.1,-73.6,-59.9,-56.1,-58.3,-40.1
12,0,2,-73.2,-57.2,-65.6,-75.5,-59.9,-59.2,-56.3,
12,0,2,-76.2,-60.5,-69.0,-70.0,-57.2,-56.5,-54.9,-44.4
12,0,2,-67.3,-54.2,-60.9,-72.6,-57.3,-58.4,-54.3,-43.1
12,0,2,-74.7,-60.2,-66.7,-77.2,-58.6,-56.6,-56.6,
12,0,2,,-61.1,-68.5,-77.6,-54.6,-58.9,-53.0,-38.6
12,0,2,-69.9,-57.4,-65.1,-70.2,-55.9,-59.9,-55.7,-44.7
12,0,2,-70.6,-57.5,-66.2,-73.9,-54.2,-56.5,,-44.5
12,0,2,-68.2,-58.9,-64.7,,-58.0,-56.2,-56.3,-47.0
12,0,2,-69.2,-57.2,-66.1,-74.7,-60.6,-59.9,-60.8,-42.4
12,0,2,-68.0,-61.2,-63.5,-68.7,-59.8,-61.8,-57.4,-41.7
14,0,2,-69.7,-65.7,-65.3,-75.0,-60.3,-58.8,-62.4,-37.2
14,0,2,-71.1,-62.2,-65.0,-72.4,-56.1,-60.6,-54.6,-37.7
14,0,2,-73.2,-63.5,-61.6,-78.3,-53.3,-63.4,-58.6,-35.5
14,0,2,-74.9,-65.4,-64.5,-74.7,-55.1,-57.0,-57.8,-35.2
14,0,2,-70.7,-64.7,-60.3,-76.9,-57.2,-57.2,-57.6,-37.9
14,0,2,-71.3,-61.2,-61.7,-73.8,-57.8,-57.1,-53.2,-39.5
14,0,2,-73.3,-64.0,-65.7,-71.1,-57.1,-60.4,-55.2,-36.6
14,0,2,-74.0,-61.4,-62.8,-71.5,-56.5,-58.7,-54.0,-33.9
14,0,2,-67.5,-63.7,-65.1,-73.3,-55.6,-59.7,-57.1,-35.5
14,0,2,-71.0,-61.6,-63.4,-68.4,-55.2,-57.0,,-36.0
14,0,2,-68.0,-62.8,-65.6,-77.4,-58.0,-56.7,-55.9,-34.6
14,0,2,-74.9,-64.8,-65.5,-76.6,-52.4,-60.9,-54.4,-33.5
16,0,2,-77.7,-66.5,,-74.3,-57.4,-59.3,-56.8,-33.1
16,0,2,-72.1,-67.7,-63.3,-75.6,-56.9,-55.6,-57.0,-37.6
16,0,2,-74.4,-66.3,-61.6,-79.0,-49.3,-61.8,-56.5,-32.5
16,0,2,-75.1,-67.1,-61.1,-71.1,-52.8,-57.7,-56.7,-39.6
16,0,2,-79.1,-68.3,-66.1,,-57.3,-64.8,-57.7,-36.6
16,0,2,-75.1,-65.3,-64.9,-75.7,-55.6,-63.2,-59.8,-37.7
16,0,2,-76.9,-65.8,-62.5,-75.9,-54.8,,-52.7,-33.0
16,0,2,-75.4,-65.2,-63.1,-75.0,-56.4,-60.4,-60.7,-35.2
16,0,2,-74.3,,-60.7,-74.9,-54.8,-59.0,-58.4,-40.6
16,0,2,-72.1,-67.1,-63.3,-77.9,-55.5,-58.8,-58.1,-33.3
16,0,2,-75.5,-62.9,-61.6,-76.9,-58.1,-62.1,-59.8,-33.2
16,0,2,-71.5,-66.0,-61.8,-78.1,-54.6,-59.8,-58.2,-34.8
18,0,2,-75.1,,-64.4,-74.0,-58.0,-61.9,-57.1,-42.4
18,0,2,-74.8,-69.7,-63.2,-78.1,-55.2,-63.5,-57.6,-42.6
18,0,2,-76.9,-69.8,-58.4,-76.6,-59.8,-58.4,-59.0,-44.2
18,0,2,-75.6,-70.7,-65.1,-76.9,-56.8,-63.4,-57.0,
18,0,2,-75.0,-68.9,-64.2,-78.4,-54.3,-62.3,-54.5,-45.3
18,0,2,-71.2,-65.6,-66.3,-78.8,-54.4,-59.2,-58.4,-48.1
18,0,2,-76.4,-68.6,-66.5,-81.3,-55.7,-59.4,-62.7,-45.1
18,0,2,-75.1,-68.2,-61.7,-76.1,-54.8,-60.2,-56.2,-46.4
18,0,2,-73.8,-66.9,-67.2,-71.7,-55.7,-62.5,-60.1,-39.3
18,0,2,-72.7,-71.6,-63.1,-75.7,-56.5,-56.1,-57.0,-41.4
18,0,2,-75.5,-68.0,-64.9,-75.3,-58.5,-61.6,-61.9,-47.9
18,0,2,-73.6,-68.6,-62.8,-73.2,-53.1,-59.0,-57.5,-39.8
0,4,2,-61.4,-71.5,-76.1,-69.7,-60.9,-41.6,,-60.0
0,4,2,-59.2,-68.3,-77.2,-71.2,-63.3,-44.8,-55.1,-61.8
0,4,2,-59.8,-69.7,-76.5,-63.9,-59.4,-43.6,-54.3,-59.1
0,4,2,-57.8,-73.8,-72.8,,-56.8,-44.1,-58.0,-59.2
0,4,2,-60.8,-66.7,-79.0,-71.6,-59.1,-44.9,-56.6,-55.9
0,4,2,-64.6,-66.0,-77.3,-67.5,-66.6,-41.9,-53.8,-59.7
0,4,2,-55.1,-64.8,-75.9,,-59.3,-43.0,-57.1,
0,4,2,-58.5,-67.4,-77.2,-70.5,-62.0,-36.3,-55.0,-58.5
0,4,2,-57.3,-72.4,-73.9,-66.3,-64.1,-44.8,-56.9,-60.6
0,4,2,-58.8,-68.6,-77.4,-67.9,-59.6,-41.7,-56.9,-61.7
0,4,2,-58.9,-69.2,-78.6,-65.5,-61.0,-40.9,-58.0,-60.0
0,4,2,-58.7,-69.3,-76.0,-67.1,-62.2,-45.1,-58.3,-59.0
2,4,2,-60.1,-70.5,-71.8,-63.7,-62.0,-47.3,-54.6,-57.9
2,4,2,-58.5,-67.3,-72.9,-65.7,-60.7,-43.2,-50.8,-58.3
2,4,2,-57.1,-70.3,-76.9,-65.2,-60.8,-44.6,-56.7,-57.6
2,4,2,-61.8,-67.1,-72.3,,,-42.7,-57.7,-61.6
2,4,2,-53.8,-70.4,-75.1,-60.4,-62.1,-43.5,-51.9,-56.6
2,4,2,-60.4,-64.3,-73.9,-68.4,-61.3,-45.2,-59.4,-60.2
2,4,2,-57.2,-65.9,-75.7,-68.0,-59.5,-42.7,-58.6,-57.3
2,4,2,-58.7,-68.9,-71.2,-68.8,-60.9,-44.2,-54.6,-60.9
2,4,2,-60.0,-64.2,-75.4,-67.2,-60.4,-42.1,-54.4,-59.2
2,4,2,-59.2,-68.6,-75.5,-64.8,-58.6,-40.2,-59.1,-57.8
2,4,2,-60.3,-64.8,-72.0,-65.6,-56.6,-41.7,-54.5,-54.9
2,4,2,-53.9,-69.1,-70.0,-64.7,-63.9,-45.5,-55.5,-57.4
4,4,2,-66.3,,-73.5,-65.1,-57.1,-44.3,-55.8,-60.2
4,4,2,-56.9,-66.1,-66.6,-65.2,-59.6,-47.0,-53.6,-55.7
4,4,2,-62.8,-66.5,-72.2,-66.6,-57.9,-49.0,-53.7,-59.1
4,4,2,-62.2,-66.8,-77.0,-64.8,-58.1,-44.2,-54.8,-57.1
4,4,2,-60.7,,-73.4,-70.5,-58.6,-45.8,-53.4,-54.5
4,4,2,-60.8,-64.0,-76.2,-66.4,-58.2,-43.0,-54.3,-53.2
4,4,2,-62.3,-67.1,-73.5,-69.5,-55.0,-41.9,-53.0,-54.3
4,4,2,-58.1,-65.1,,-64.8,-62.0,-43.7,-55.5,-57.9
4,4,2,-60.0,-64.2,-70.9,-65.9,-55.9,-45.9,-50.1,-58.5
4,4,2,-63.7,-61.1,-73.1,-70.1,-61.6,-44.2,-51.2,-57.2
4,4,2,-62.7,-64.8,,-67.1,-58.0,-46.7,-54.6,-54.4
4,4,2,-63.5,-67.8,-70.6,-64.5,-57.8,-44.2,-51.0,-56.8
6,4,2,-59.8,-59.6,-71.3,-66.5,-58.4,-45.2,-50.4,-52.0
6,4,2,-61.4,-60.6,-67.6,-66.4,-57.7,-47.9,-54.4,-51.7
6,4,2,-62.5,-60.3,-72.0,-65.4,-60.5,-53.1,-51.8,-56.4
6,4,2,-70.4,-60.3,-66.1,,-60.7,-52.1,-55.2,-54.6
6,4,2,-64.3,-61.9,-70.1,-67.3,-57.2,-47.0,-55.4,-52.7
6,4,2,-62.3,-60.6,-71.5,-63.1,-57.5,-45.9,-52.3,-55.6
6,4,2,-63.1,-62.9,-68.2,-68.9,-60.1,-48.2,-56.0,-55.4
6,4,2,-63.5,-60.1,-69.0,-66.2,-60.2,-52.4,-51.2,-54.4
6,4,2,-61.3,,-74.1,-65.9,-54.3,-53.3,-54.6,-52.9
6,4,2,-60.9,-64.3,-70.3,-67.3,-59.8,-48.9,-52.9,-52.0
6,4,2,-64.1,-66.3,-68.7,-69.1,-59.4,-48.0,-51.3,-54.8
6,4,2,-68.9,-63.3,-72.7,-66.4,-55.1,-46.5,-51.6,-51.9
8,4,2,-65.8,-57.4,-73.3,-66.8,-52.6,-52.5,-50.6,-51.1
8,4,2,-62.6,-57.7,-68.9,,-54.8,-47.3,-55.7,-52.8
8,4,2,-68.4,-62.6,-69.4,-64.1,-54.8,-50.9,-51.8,-54.2
8,4,2,-69.1,-60.4,-71.0,-63.9,-55.8,-54.1,-51.1,
8,4,2,-65.9,-56.9,-69.1,-67.2,-56.6,-50.8,,-55.1
8,4,2,-68.7,-59.0,-69.2,-66.4,-59.5,-52.0,-51.3,-50.5
8,4,2,-68.9,-57.2,-65.6,-65.6,-54.4,-52.7,-53.4,-51.9
8,4,2,-68.3,-62.1,-71.3,-68.3,-60.9,-52.5,-51.3,-54.0
8,4,2,-69.4,-57.7,-69.3,-70.5,-58.7,-50.7,-55.3,-56.1
8,4,2,-67.6,-58.8,-66.1,-66.7,-59.3,-53.3,-51.1,-51.1
8,4,2,-66.8,-54.6,-68.2,-65.0,-51.1,-51.6,-52.8,-52.2
8,4,2,-67.0,-60.1,-68.3,-71.6,-56.4,-51.4,,-54.6
10,4,2,-70.5,-59.3,-65.5,-67.1,-55.4,-54.5,-51.8,-46.4
10,4,2,-64.7,-55.3,-64.3,,-57.1,-54.4,-50.3,-48.6
10,4,2,-69.2,-56.4,-68.5,-66.4,-52.8,-50.6,-49.6,-47.2
10,4,2,-70.9,-59.2,-67.3,-68.0,,-55.4,-51.4,-53.5
10,4,2,-70.6,-60.1,-62.2,-75.3,-55.6,-56.5,-51.6,-50.9
10,4,2,-67.2,-57.9,-70.2,-69.6,-55.6,-52.2,-52.7,-52.0
10,4,2,-70.2,-59.5,-69.2,-72.2,-59.9,-53.3,-50.8,-50.6
10,4,2,-67.2,-58.4,-64.7,-70.2,-56.8,-54.9,-50.4,-47.9
10,4,2,-73.0,-62.2,-64.6,-72.0,-56.3,-53.5,-50.4,-49.0
10,4,2,-69.6,-57.5,-66.3,-71.9,-55.6,-50.5,-52.9,-49.4
10,4,2,-66.1,-56.3,-65.2,-71.3,-57.3,-54.6,-52.6,-49.6
10,4,2,-71.4,-56.9,-71.0,-70.8,-51.0,-55.9,-53.9,-50.6
12,4,2,-73.5,,-64.9,-69.5,-52.9,-53.6,-53.3,
12,4,2,,-60.5,-61.5,-70.1,-53.9,-56.7,-49.0,-45.5
12,4,2,-67.3,-62.2,-60.2,-71.4,-50.9,-58.9,-47.7,-45.6
12,4,2,-70.5,-62.3,-60.3,-70.2,-59.6,-58.0,-48.1,-46.0
12,4,2,-72.5,-66.1,-68.5,-71.8,-53.9,-57.0,-52.4,-47.3
12,4,2,-70.5,-59.0,-63.2,-71.5,-55.0,-53.9,-53.3,-46.2
12,4,2,-70.2,-58.7,-62.9,-72.8,-53.8,-57.9,-51.1,-47.3
12,4,2,-68.1,-60.3,-63.9,-69.9,-52.7,-54.7,-55.2,-46.3
12,4,2,-74.3,-60.5,-62.2,-73.2,-54.1,-58.3,-51.4,-43.1
12,4,2,-71.0,-62.4,-63.8,-71.2,-53.0,-55.2,,-44.4
12,4,2,,-64.7,-64.9,-68.6,-54.4,,-51.4,-48.7
12,4,2,-74.7,-59.0,-65.0,-68.5,-50.8,-58.9,-55.6,-44.6
14,4,2,-70.3,-64.1,-53.4,-73.8,-52.3,-59.0,-51.6,-43.9
14,4,2,,-64.3,-57.1,-73.9,-52.0,-57.0,-52.3,-45.3
14,4,2,-76.2,-64.0,-60.5,-76.3,-51.3,-57.2,-52.8,-48.2
14,4,2,-74.8,-63.6,-58.7,-75.6,-52.0,-60.0,-56.3,-45.9
14,4,2,-72.0,-63.5,-60.2,-69.9,,-55.2,-54.7,-42.9
14,4,2,-73.8,-64.4,,-75.7,-54.2,-58.9,-51.3,-44.1
14,4,2,-73.0,-61.5,-60.5,-72.0,-54.3,-58.3,-55.6,-43.9
14,4,2,-75.6,-60.2,-57.1,-75.9,-52.5,-56.8,-50.9,-45.6
14,4,2,-74.0,-60.7,-58.8,-72.3,-54.0,-59.1,-53.5,-42.6
14,4,2,-74.4,-66.3,-59.1,-74.2,-52.6,-60.5,-54.4,-42.6
14,4,2,-71.3,-66.1,-55.2,,-50.7,-58.4,-52.3,-45.5
14,4,2,-73.0,-62.7,-58.3,-68.7,-52.1,-60.2,-54.0,-40.3
16,4,2,-75.0,,-51.5,-73.3,-49.6,,-55.3,-42.8
16,4,2,-72.9,-69.9,,-70.6,-52.9,-57.3,-54.1,-40.2
16,4,2,-70.0,-66.4,-52.3,-74.7,-52.8,-57.9,-51.9,-42.9
16,4,2,,-64.2,-52.9,-74.8,-49.5,-57.0,-53.5,-36.8
16,4,2,-72.2,-64.1,-53.5,-71.9,-52.4,-57.4,-51.3,-44.4
16,4,2,-77.6,-64.5,-49.4,-76.0,-52.2,-56.6,-52.6,-39.3
16,4,2,-72.0,-67.6,-48.5,-71.6,-52.1,-64.5,-57.2,-44.5
16,4,2,-74.4,-71.8,-47.7,-77.1,-50.6,-60.2,-55.7,-41.9
16,4,2,-75.8,-66.9,-48.8,-79.5,-53.1,-60.4,,
16,4,2,-76.2,-71.2,-48.4,-72.9,-48.8,-56.6,-52.4,-43.1
16,4,2,-77.5,-64.8,-51.0,-76.5,-50.7,-58.4,-54.9,-44.6
16,4,2,-76.8,-63.2,-47.9,-72.1,-53.2,-59.2,-58.5,-42.2
18,4,2,-78.5,-71.6,-50.1,-73.0,-50.3,-60.9,-58.0,-45.8
18,4,2,-74.3,-68.0,-49.0,-74.8,-51.7,-56.9,-58.8,-44.7
18,4,2,-73.1,-65.9,-48.8,-76.9,,-56.3,-57.3,-44.9
18,4,2,-74.8,-73.3,-55.2,-73.8,-49.4,-63.6,-55.4,-43.3
18,4,2,-75.8,-68.8,-50.7,-79.5,-53.1,-61.1,-57.5,-49.4
18,4,2,-76.1,-69.3,-49.3,-74.3,-49.3,-62.0,-58.8,-47.9
18,4,2,-75.1,-71.4,-49.8,-74.4,-51.0,-58.0,-55.6,-47.3
18,4,2,-74.1,-65.7,-46.8,-75.0,-50.4,-58.1,-57.7,-42.2
18,4,2,-77.2,-70.2,-48.1,-75.9,-52.8,-60.2,-58.0,-41.7
18,4,2,-76.8,-69.8,-49.9,-72.5,-50.1,-59.3,-55.6,-45.4
18,4,2,-73.6,-71.9,-47.3,-75.4,-52.2,-55.4,-56.7,-45.3
18,4,2,-75.5,-71.9,-53.7,-73.2,-54.0,-57.3,-52.9,-46.0
0,8,2,-67.1,-69.3,-76.7,-58.9,-64.8,-35.5,-55.6,-57.8
0,8,2,-65.9,-71.4,-73.3,-62.8,-61.2,-34.7,-57.9,-56.4
0,8,2,-66.5,-73.3,-74.7,-60.4,-59.0,-34.6,-54.7,
0,8,2,-66.4,-72.1,-77.1,-57.5,-59.4,-36.4,-56.1,-57.2
0,8,2,-66.5,-71.8,-77.5,-59.9,,-36.8,-51.9,-59.5
0,8,2,-69.4,-71.2,-80.9,-63.8,-59.2,-39.5,-59.8,-64.4
0,8,2,-68.1,-70.6,-75.7,-64.6,-61.9,-33.2,-54.9,
0,8,2,-66.3,-71.7,-75.5,-59.9,-63.6,-34.6,-57.2,-56.4
0,8,2,-66.3,,-78.9,-64.0,-58.6,-36.0,-54.0,-58.2
0,8,2,-65.1,-71.9,-73.5,-62.8,-63.9,-34.2,-56.6,-59.3
0,8,2,-66.2,-72.2,-75.6,-62.5,-63.4,-35.3,-52.2,-54.1
0,8,2,-66.6,,-74.7,-63.5,-56.5,-36.9,-57.3,-51.6
2,8,2,-68.4,-68.3,-75.4,-60.1,-60.3,-35.9,-52.2,-59.7
2,8,2,-67.7,-71.7,-71.8,-53.9,-58.7,-36.8,-50.9,-56.7
2,8,2,-65.1,-70.8,,-54.5,-58.7,-35.8,,-59.1
2,8,2,-61.1,-66.3,-69.9,-59.0,-61.7,-37.4,-51.3,-59.6
2,8,2,-69.2,-72.2,-73.4,-59.7,-57.8,-36.0,-56.1,-56.3
2,8,2,-65.2,-66.9,-75.6,-60.8,-59.2,-36.6,,-61.3
2,8,2,-67.1,-69.4,-73.9,-58.0,-60.5,-32.9,-55.1,-61.8
2,8,2,-65.9,-66.9,-74.9,-54.8,-57.9,-36.5,-55.4,-59.9
2,8,2,-67.3,-70.0,-73.1,-58.8,-57.1,-33.7,-53.1,-56.7
2,8,2,-64.8,-71.8,-72.8,-58.5,-55.7,-35.1,-49.8,-55.3
2,8,2,-67.6,-68.7,-75.0,-57.8,-62.4,-38.3,-49.5,-60.0
2,8,2,-61.3,-71.3,-69.7,-59.3,-59.2,-35.5,-54.2,-54.3
4,8,2,-65.2,-67.7,-72.5,-62.5,-57.2,-46.6,-49.2,-58.4
4,8,2,-66.4,-69.2,-71.5,-56.6,-56.8,-43.4,-51.3,-59.4
4,8,2,-64.7,-65.9,-68.1,-59.1,-55.7,-43.7,-52.5,-57.0
4,8,2,-66.3,-72.1,-69.9,-58.5,-55.7,-45.9,-52.4,-56.2
4,8,2,-67.6,-70.2,-76.5,-56.5,-54.7,-41.1,-52.3,-59.4
4,8,2,-68.0,-71.2,-77.9,-59.1,-61.2,-45.6,-46.8,-55.1
4,8,2,-65.4,-69.8,-75.1,-55.3,-63.0,-44.2,,-60.9
4,8,2,-62.0,-67.7,-71.7,-61.9,-57.0,-45.3,-50.3,-57.4
4,8,2,-67.6,-64.6,-74.7,-59.1,-56.2,-47.4,-52.3,-60.1
4,8,2,-66.8,-69.4,-73.9,-56.1,-58.2,-40.1,-46.7,-59.9
4,8,2,-65.1,-66.6,-76.3,-59.9,-58.4,-44.9,-48.0,-59.2
4,8,2,-69.4,-68.9,-69.0,-59.6,-58.7,-43.9,-46.9,-56.9
6,8,2,-72.7,-67.1,-70.8,,-56.3,-47.8,-48.8,-54.9
6,8,2,-66.8,-69.6,-67.7,-61.9,-55.7,-49.9,-44.7,-57.1
6,8,2,-65.6,-64.0,-72.4,-61.7,-58.8,-48.4,-49.2,-58.4
6,8,2,-74.5,-69.4,-68.4,-60.4,-55.0,-48.7,-44.5,-55.6
6,8,2,-68.8,-68.0,-68.0,-62.6,-57.8,-53.3,-49.0,-55.5
6,8,2,-72.6,-69.2,-74.5,,-59.0,-50.5,-43.4,-56.7
6,8,2,-68.7,-68.9,-70.7,-60.2,-55.6,-47.6,-44.4,-57.0
6,8,2,-67.2,-65.7,-72.5,-65.8,-57.6,-47.4,-48.4,
6,8,2,-73.4,-71.1,-68.5,,-56.7,-47.9,-43.0,-60.6
6,8,2,-67.9,-65.9,-68.8,-63.0,-57.5,-52.6,-46.2,-56.8
6,8,2,-63.4,-68.6,-71.8,-59.5,-54.2,-49.8,-41.9,-58.8
6,8,2,-70.3,-65.7,-72.4,-59.7,-55.5,-46.2,-42.9,-58.2
8,8,2,-69.4,-67.4,-70.6,-62.2,-56.7,-49.8,-44.9,-54.4
8,8,2,,-66.2,-72.3,-65.7,-54.0,-55.3,-38.4,-53.5
8,8,2,-67.7,-68.2,-70.1,-64.8,-53.8,-51.7,-43.7,-57.6
8,8,2,-71.4,-71.1,-66.8,-66.8,,-48.5,-42.6,
8,8,2,-69.7,-62.5,-65.4,-64.9,-53.3,-51.2,-41.8,-56.5
8,8,2,-70.9,-67.6,-70.0,-61.3,-55.3,-46.9,-46.0,-56.7
8,8,2,-73.0,-65.5,-65.9,-61.5,-56.9,-46.9,-41.5,-55.8
8,8,2,-70.9,-67.0,-65.5,-68.2,-49.4,-46.4,-42.9,-50.8
8,8,2,-69.3,-68.1,-67.6,-62.3,-54.3,-53.0,-48.4,-57.1
8,8,2,-68.1,-67.5,-70.5,-63.8,-53.9,-50.2,-42.9,-55.5
8,8,2,-71.0,-67.0,-70.4,-66.7,-52.0,-47.1,-42.2,-53.9
8,8,2,-68.4,-70.0,-71.4,-66.7,-50.1,-54.3,-45.3,-56.5
10,8,2,-72.8,-67.9,-66.2,-67.9,-50.4,-51.5,-39.0,
10,8,2,-70.9,-67.7,-68.8,-67.7,-55.4,-49.8,-43.7,-55.9
10,8,2,-72.3,-64.6,-67.0,-65.9,-53.9,-56.6,-43.3,-55.7
10,8,2,-70.6,-65.7,-65.4,-70.6,-51.7,-51.3,-44.9,-53.6
10,8,2,-73.8,-64.4,-68.5,-67.8,-51.6,-51.9,-40.0,-49.8
10,8,2,-74.0,-68.9,,-68.2,-48.2,-52.6,-43.1,-52.3
10,8,2,-74.5,-62.9,-70.7,-66.7,-56.7,-55.8,-46.5,-54.1
10,8,2,-77.5,-65.3,-64.1,-67.8,-52.2,-55.2,-43.3,-53.1
10,8,2,-68.7,-67.8,-62.0,-68.3,-47.7,-54.4,-44.2,-51.4
10,8,2,-70.5,-69.7,-68.6,-72.5,-52.2,-54.4,-41.4,-49.7
10,8,2,-76.2,-67.2,-65.7,-66.8,-52.9,-53.8,-44.4,-53.3
10,8,2,-68.3,,-70.8,-64.0,-53.9,-57.0,-41.2,-56.6
12,8,2,-69.4,-68.5,-65.1,-64.6,-50.6,-57.7,-45.0,-56.0
12,8,2,-73.5,-66.4,,-69.7,-47.5,-58.2,-44.7,-54.0
12,8,2,-71.8,-66.6,-64.6,-70.4,-45.7,-55.9,-44.7,-51.4
12,8,2,-70.5,-61.1,-65.4,-66.3,-49.5,-55.8,-44.7,-50.1
12,8,2,-72.9,-68.1,-63.3,-69.5,-51.7,-57.6,-44.8,-55.5
12,8,2,-71.0,-67.6,-62.7,-68.7,-49.2,-56.8,-42.8,-52.0
12,8,2,-70.8,-68.3,-63.0,-68.8,-49.7,-58.5,-49.6,-44.7
12,8,2,-70.7,-66.7,-60.8,-71.4,-47.7,-57.4,-46.9,-52.0
12,8,2,-69.5,,-63.8,-72.6,-49.2,-55.1,-46.7,-51.9
12,8,2,-70.0,-68.1,-65.0,-71.8,-48.9,-56.1,-47.5,-50.0
12,8,2,-68.9,,-65.1,-68.3,-50.6,-55.5,-47.1,-56.2
12,8,2,-71.9,-67.4,-64.1,-67.6,-51.5,-51.5,-49.2,-53.3
14,8,2,-72.5,-67.1,-61.0,-68.4,,-57.5,-46.6,-49.5
14,8,2,-76.9,-68.3,-61.7,-68.9,-46.6,-56.4,-49.5,-48.4
14,8,2,-75.1,-68.4,-58.5,-71.6,-49.8,-62.0,-50.0,-55.1
14,8,2,-74.7,-64.7,-59.7,,-48.6,-60.7,-48.6,-52.2
14,8,2,-77.0,-70.6,-62.0,-67.9,-42.6,-53.7,-51.6,-52.2
14,8,2,-76.8,-69.5,,-67.6,-49.0,-58.8,-49.9,-52.7
14,8,2,-72.3,-66.3,-61.3,-77.2,-46.4,-60.2,-51.0,-53.3
14,8,2,-72.9,-70.7,-61.5,-69.7,-42.4,-56.3,-49.3,-50.0
14,8,2,-75.8,-68.5,-57.7,-70.9,-47.3,-60.3,,-48.7
14,8,2,-75.7,-69.5,-60.8,-68.7,-47.0,-54.9,-48.7,-48.7
14,8,2,-74.0,,-64.0,-73.2,-46.2,-57.1,-48.6,-52.6
14,8,2,-72.3,-71.4,-61.9,-70.7,-45.2,-58.8,-49.3,-50.2
16,8,2,-75.7,-73.3,-58.4,-77.8,-42.6,-62.2,,-51.5
16,8,2,,-69.8,-59.2,-78.4,-47.1,-63.7,-52.9,
16,8,2,-74.1,-69.1,-53.6,-73.4,-39.8,-60.2,-51.8,-50.6
16,8,2,-72.5,,-59.2,-73.2,-45.2,-57.8,,-51.2
16,8,2,-78.1,-74.5,-58.8,-74.3,-42.1,-59.4,-51.6,-51.6
16,8,2,-78.2,-71.1,-58.6,-74.7,-42.3,-61.6,-52.7,-54.3
16,8,2,-77.5,-68.3,-58.4,-74.1,-44.5,-61.1,-52.3,-50.3
16,8,2,-77.6,-69.1,-61.2,-68.8,-45.2,-56.5,-57.7,-54.2
16,8,2,-78.3,-67.4,-61.1,-73.6,-48.5,-60.7,-51.7,-54.0
16,8,2,-78.7,-66.2,-58.1,-70.9,-41.0,-57.1,,-52.4
16,8,2,-76.1,-69.9,-56.9,-73.4,-44.5,,-51.2,-51.3
16,8,2,-73.5,-69.2,-59.9,-71.1,-44.6,-58.1,-55.3,-51.1
18,8,2,,-70.9,-57.1,-75.9,-44.7,-63.2,-55.0,-52.2
18,8,2,-74.0,-72.7,-59.1,-77.7,-43.5,,-55.9,-48.7
18,8,2,-76.4,-71.1,-57.5,-79.3,-46.8,-59.5,-54.9,-52.9
18,8,2,-80.8,-71.0,-59.0,-72.3,-42.7,,-53.8,-56.2
18,8,2,-74.7,-70.9,-57.6,-75.6,-42.6,-60.9,-51.8,-53.2
18,8,2,-76.2,-71.7,-59.2,-75.0,-45.7,-61.1,-52.5,-52.9
18,8,2,-72.3,-73.8,-61.4,-75.6,-44.7,-59.1,-53.6,-50.2
18,8,2,-75.4,,-54.9,-72.8,-43.8,-60.5,-50.6,-54.4
18,8,2,-78.6,-70.9,-60.3,-76.3,-41.7,-58.4,-61.0,-52.8
18,8,2,-76.0,-75.5,-58.6,-73.5,-43.4,-60.8,-56.8,-50.4
18,8,2,-74.0,-69.1,-60.7,-77.2,-44.4,,-53.6,-51.9
18,8,2,-77.4,-73.0,-56.8,-78.8,-44.4,-58.6,-57.8,-49.4
0,12,2,-68.3,-74.9,-77.0,-58.3,-63.4,-48.6,-54.3,-59.4
0,12,2,-67.0,-76.2,-77.5,-54.6,-60.5,-46.0,-53.1,-62.0
0,12,2,-71.8,-75.4,-75.2,-61.3,-58.1,-50.5,-53.3,-62.4
0,12,2,-70.9,-71.0,-77.3,-58.8,-56.4,,-52.1,-56.4
0,12,2,-68.1,-73.7,-75.9,-57.8,-62.4,-49.7,-53.1,-59.3
0,12,2,-70.0,-75.0,-75.0,-63.4,,-50.1,-55.3,-62.4
0,12,2,-73.1,-75.4,-75.4,-59.6,-59.6,-44.4,-58.1,-64.8
0,12,2,-69.3,-73.7,-75.2,-59.8,-59.6,-46.9,-55.0,-58.5
0,12,2,-70.8,-72.5,-79.5,-57.2,-62.3,-46.4,-57.9,-61.0
0,12,2,-74.0,-73.5,-78.5,-56.0,-63.1,-45.6,-55.4,-60.3
0,12,2,,-75.0,-76.0,-55.1,-61.9,-47.0,-54.8,-66.0
0,12,2,-70.7,-71.4,-74.0,-54.7,-58.7,-52.2,-53.9,-62.2
2,12,2,-71.2,-73.3,-76.8,-49.9,-57.7,-49.1,-51.4,-59.4
2,12,2,-69.8,-78.0,-80.0,-52.0,-58.6,-49.6,-48.3,-57.9
2,12,2,-74.6,-71.8,,-51.1,,-50.9,-50.4,-59.9
2,12,2,-68.0,-69.4,-75.3,-48.8,-59.0,-45.1,-51.6,-60.3
2,12,2,-72.0,-74.6,-80.6,-51.3,-61.8,-50.4,-53.8,-60.6
2,12,2,-70.5,-74.1,-75.9,-47.6,-60.4,,-54.4,-59.1
2,12,2,-70.1,-76.2,-75.0,-50.1,-61.5,-48.1,-53.8,-59.8
2,12,2,-67.0,-75.7,-77.2,-50.0,-60.8,-49.5,-47.5,-62.1
2,12,2,-69.3,-68.0,-72.9,,,-45.7,-50.8,-62.6
2,12,2,-68.5,-71.8,-78.8,-50.2,-59.5,-51.1,-49.6,-61.2
2,12,2,-71.3,-74.4,-73.2,-49.3,-60.9,-43.1,-55.1,-58.3
2,12,2,,-67.8,-73.9,-51.8,-65.2,-47.0,-49.4,-59.1
4,12,2,-67.1,-72.4,-78.2,-52.1,-59.0,-51.9,-51.1,-61.2
4,12,2,-71.2,-67.9,-72.2,-51.1,-54.9,-48.7,-47.0,-61.9
4,12,2,-68.9,-72.6,-75.9,-51.0,-58.1,-48.8,-47.5,-59.8
4,12,2,-75.0,-70.3,-68.8,-49.5,-55.8,-51.4,-51.8,-57.0
4,12,2,-70.7,-70.8,-73.1,,-60.1,-50.3,-47.1,
4,12,2,-70.8,-70.8,-75.5,-54.2,-53.1,-48.4,-54.0,-62.7
4,12,2,-70.8,-70.6,-71.6,-48.6,-56.8,-51.2,-48.5,-56.3
4,12,2,,-74.0,-75.6,-53.4,-59.5,-49.7,-47.7,-60.9
4,12,2,-72.1,-70.4,-71.3,-49.1,-58.8,-49.2,-49.4,-62.1
4,12,2,-69.0,-69.7,-78.3,-53.2,-56.4,-49.3,-44.0,-58.6
4,12,2,-74.5,-71.8,-74.4,-49.4,-59.3,-48.7,-48.4,-59.7
4,12,2,-73.5,-70.6,-72.7,-51.5,-54.7,-51.5,-50.6,-62.0
6,12,2,-69.4,-71.3,-72.2,-56.6,-58.7,-51.6,-45.8,-60.5
6,12,2,-71.1,-73.6,-76.2,-59.4,-58.6,-49.8,-39.8,-62.0
6,12,2,-71.7,-69.4,-73.6,-55.5,-54.6,-52.5,-38.3,-57.1
6,12,2,-76.9,-68.9,-71.6,-61.0,-52.3,-52.7,-44.1,-58.9
6,12,2,-72.8,-72.8,-69.8,-58.7,-55.0,-48.4,-43.1,-58.7
6,12,2,-72.1,-68.1,-71.4,-59.3,-54.3,-52.3,-37.8,-55.9
6,12,2,-70.3,-71.3,-67.3,-60.5,-53.3,-48.9,-41.1,-56.2
6,12,2,-71.4,-73.3,-69.3,-59.7,-52.3,-52.3,-45.0,-56.3
6,12,2,-68.2,-71.5,-75.5,-56.1,-55.4,-52.9,-43.0,-62.1
6,12,2,-71.4,-68.1,-72.4,-60.7,,-50.9,-38.4,-58.9
6,12,2,-68.9,-76.3,-71.0,-61.0,-54.3,-49.6,,-55.9
6,12,2,-72.7,-69.6,-72.2,-59.1,-54.9,-50.2,-44.7,-56.6
8,12,2,-71.0,,-69.4,-63.5,-51.3,-54.7,-34.0,-56.7
8,12,2,-72.0,-69.6,-72.0,-59.1,-51.5,-56.6,-36.1,-59.4
8,12,2,-69.7,-73.2,-74.1,-61.7,-49.1,-51.2,-37.9,-57.3
8,12,2,-72.9,-68.1,-70.1,-62.6,,-55.8,-35.8,-58.9
8,12,2,,-71.4,-71.9,-59.4,-54.7,-53.7,-34.5,-55.1
8,12,2,-76.7,-73.6,-70.6,-64.2,-60.1,-53.4,-35.5,-56.5
8,12,2,-70.3,-68.7,-67.7,-63.3,-53.0,-52.4,-37.5,
8,12,2,-71.5,-70.1,-70.3,-67.6,-55.8,-56.3,-36.5,-58.8
8,12,2,-70.6,-73.5,-72.9,-62.6,-53.2,-57.6,-35.2,-56.6
8,12,2,-71.0,-67.6,-69.1,-62.3,-52.7,-49.3,-35.8,-55.2
8,12,2,-72.0,-74.1,-74.3,-64.3,-55.2,-52.3,-37.3,-57.8
8,12,2,-71.6,-71.3,-71.1,-57.7,-58.5,-55.7,-35.3,-57.7
10,12,2,-74.5,,-69.5,-65.5,-51.6,-51.3,-38.2,-61.8
10,12,2,-75.8,-68.9,-68.6,-68.1,-53.9,-55.2,-31.7,-54.1
10,12,2,-72.9,-68.8,-72.4,-72.0,-51.7,-56.8,-33.5,-58.0
10,12,2,-69.9,-74.0,-70.6,-67.2,-51.7,-60.5,-35.7,-55.6
10,12,2,-71.2,-72.1,-69.1,-67.2,-51.6,-55.3,-35.4,-59.7
10,12,2,-70.7,-71.3,-69.2,-68.0,-50.9,-56.6,,-55.9
10,12,2,-73.9,-73.1,-68.7,-68.6,-50.4,-53.5,-33.5,-53.1
10,12,2,-73.0,-70.3,-70.3,-67.8,-49.5,-57.1,-32.6,-57.6
10,12,2,-72.1,-73.6,-71.2,-66.1,-52.7,-52.5,-34.7,-58.1
10,12,2,-74.4,-70.8,-69.4,-66.0,-49.8,-57.5,-36.4,-60.8
10,12,2,-70.7,-73.8,-68.2,-68.7,-49.2,-53.9,-39.4,-58.1
10,12,2,-72.9,-72.0,-68.8,-65.9,-52.1,-56.0,-38.3,
12,12,2,-73.9,,-68.3,-69.5,-47.2,-59.6,-42.5,-56.6
12,12,2,-77.1,-68.5,-69.8,-75.5,-47.6,-59.4,-42.0,-54.0
12,12,2,-76.2,-71.8,-66.1,-65.7,-46.2,-56.3,,-55.8
12,12,2,-74.4,-69.3,-71.2,-69.3,-48.2,-55.6,-44.9,-53.4
12,12,2,-73.9,-73.4,-69.0,-69.5,-46.5,-59.1,-40.4,-56.0
12,12,2,-73.2,-72.0,-67.4,-68.7,-46.3,,-44.7,-57.5
12,12,2,-72.0,-72.1,-71.2,-66.4,-48.4,-55.6,-44.8,-57.6
12,12,2,-76.1,-74.4,-68.4,-66.7,-48.7,-59.6,-43.3,-57.2
12,12,2,-76.0,-65.3,-68.5,-72.7,-49.6,-56.0,-44.2,-58.0
12,12,2,-73.5,-71.2,-68.8,-67.2,-53.2,-57.1,-45.4,-54.2
12,12,2,-72.5,-71.5,-68.1,-69.7,-48.6,-57.6,-42.2,-57.1
12,12,2,-73.6,-72.8,-69.7,-68.1,-45.8,-55.2,-42.9,-59.0
14,12,2,-77.9,-73.6,-68.9,-69.9,-41.3,-61.1,-50.3,-57.7
14,12,2,-77.2,-70.3,-71.4,,-41.9,,-45.3,-53.6
14,12,2,-79.4,-74.8,-70.7,-70.4,-42.4,-58.5,-45.2,-55.9
14,12,2,-75.0,-73.0,-66.3,-70.5,-44.1,-55.6,-52.4,-55.4
14,12,2,-76.4,-71.1,-69.3,-72.6,-44.7,-56.3,-49.7,-60.1
14,12,2,-78.4,-69.9,-66.9,-73.0,-47.1,-56.8,-47.4,
14,12,2,-73.9,-71.5,-66.6,-68.9,-43.1,-58.7,-49.8,-52.7
14,12,2,-74.4,-67.3,-68.7,-71.1,-42.2,-60.2,-52.8,-60.4
14,12,2,-74.3,-72.1,-65.5,-77.1,-43.2,-53.9,-50.5,-56.4
14,12,2,-76.2,-72.6,-67.4,-71.4,-40.6,-58.4,-52.9,-58.3
14,12,2,-75.4,-67.9,-72.0,-73.3,-41.9,-62.5,-50.6,-58.9
14,12,2,-75.0,-76.2,-64.9,-67.9,-44.6,-58.8,-47.6,-60.5
16,12,2,-72.8,-76.9,-64.4,-76.0,-35.1,-61.9,,-55.0
16,12,2,-74.4,-70.0,-64.1,-74.6,-42.1,-62.3,-53.0,-53.1
16,12,2,-74.1,-74.2,-62.5,,-36.7,-57.7,-49.2,
16,12,2,-74.9,-76.3,-67.7,-73.0,-38.2,-60.5,-50.2,-56.7
16,12,2,-72.8,-70.3,-65.9,-74.4,-32.4,-56.7,-49.8,-53.6
16,12,2,-76.8,-68.0,,-69.5,-38.4,-59.8,-50.4,-56.0
16,12,2,-75.9,-71.8,,-76.3,-36.0,-59.0,-52.1,-56.6
16,12,2,-77.3,-71.9,-68.6,-73.8,-35.7,,-53.9,-55.9
16,12,2,-76.7,-75.0,-64.4,-75.1,-36.4,-59.9,-49.2,-60.4
16,12,2,-80.9,-74.7,-61.4,-71.9,-34.0,-59.8,-48.1,-52.2
16,12,2,-74.8,-68.0,-64.3,-73.7,-32.7,-61.4,-52.7,-54.9
16,12,2,-74.3,-72.9,-64.4,-73.0,-33.3,-61.3,-51.7,-57.3
18,12,2,-75.8,-74.9,-68.2,-73.3,-37.2,-64.5,-49.7,-58.4
18,12,2,-81.9,-73.9,-69.4,-77.5,-35.0,-61.6,-52.7,-56.5
18,12,2,-80.6,-73.3,-70.2,-72.2,-32.4,-63.7,-54.2,-55.8
18,12,2,-76.6,-73.6,-67.0,-76.4,-38.7,-59.7,-53.8,-54.1
18,12,2,,-75.5,-62.9,-71.9,-36.1,-59.6,-54.2,-56.6
18,12,2,-74.0,-74.8,-63.7,-72.7,-37.2,-61.6,-54.5,-56.7
18,12,2,-77.3,-71.2,-66.9,-74.2,,-60.3,-54.4,-59.5
18,12,2,-79.8,-75.5,-63.4,-70.8,-38.6,-61.0,-56.6,-55.5
18,12,2,-74.2,-75.3,-64.5,-69.9,-34.2,,-55.3,-57.5
18,12,2,-74.2,-72.3,-68.7,-74.5,-33.2,-62.0,-53.0,-58.0
18,12,2,-77.1,-77.4,-63.4,-74.1,-37.8,-58.2,-51.5,-59.0
18,12,2,-78.2,-71.4,-64.2,-70.0,-34.4,-62.1,-56.1,-55.8
